{"type": "FeatureCollection", "features": [{"type": "Feature", "geometry": {"type": "Point", "coordinates": [2.3460836, 49.6685334]}, "properties": {"osm_id": "21320393", "ref": "32", "railway_position": "100.580", "railway_ref": "272000"}}, {"type": "Feature", "geometry": {"type": "Point", "coordinates": [2.7466658, 50.1087789]}, "properties": {"osm_id": "21320400", "ref": "64", "railway_position": "170.193", "railway_ref": "272000"}}, {"type": "Feature", "geometry": {"type": "Point", "coordinates": [1.6449059, 50.4952808]}, "properties": {"osm_id": "97712517", "ref": "129", "railway_position": "223.895", "railway_ref": "311000"}}, {"type": "Feature", "geometry": {"type": "Point", "coordinates": [1.6767735, 50.7966054]}, "properties": {"osm_id": "160613753", "ref": "149", "railway_position": "265.803", "railway_ref": "314000"}}, {"type": "Feature", "geometry": {"type": "Point", "coordinates": [2.4242822, 50.952298]}, "properties": {"osm_id": "160695949", "ref": "161", "railway_position": "294.650", "railway_ref": "301000"}}, {"type": "Feature", "geometry": {"type": "Point", "coordinates": [2.6604486, 50.7096344]}, "properties": {"osm_id": "160695991", "ref": "33", "railway_position": "37.617", "railway_ref": "295000"}}, {"type": "Feature", "geometry": {"type": "Point", "coordinates": [3.2014257, 50.5061257]}, "properties": {"osm_id": "160739793", "ref": "22", "railway_position": "17.403", "railway_ref": "267000"}}, {"type": "Feature", "geometry": {"type": "Point", "coordinates": [1.6481063, 50.4384635]}, "properties": {"osm_id": "253415937", "ref": "124", "railway_position": "217.564", "railway_ref": "311000"}}, {"type": "Feature", "geometry": {"type": "Point", "coordinates": [3.4590903, 50.3900372]}, "properties": {"osm_id": "254350938", "ref": "145", "railway_position": "242.987", "railway_ref": "262000"}}, {"type": "Feature", "geometry": {"type": "Point", "coordinates": [4.3247318, 49.7835135]}, "properties": {"osm_id": "254351423", "ref": "22", "railway_position": "25.689", "railway_ref": "212000"}}, {"type": "Feature", "geometry": {"type": "Point", "coordinates": [2.731286, 50.728462]}, "properties": {"osm_id": "256488119", "ref": "27", "railway_position": "31.909", "railway_ref": "295000"}}, {"type": "Feature", "geometry": {"type": "Point", "coordinates": [2.1924901, 50.8453602]}, "properties": {"osm_id": "256495038", "ref": "62", "railway_position": "77.965", "railway_ref": "295000"}}, {"type": "Feature", "geometry": {"type": "Point", "coordinates": [2.1584097, 50.861786]}, "properties": {"osm_id": "256495361", "ref": "65", "railway_position": "81.004", "railway_ref": "295000"}}, {"type": "Feature", "geometry": {"type": "Point", "coordinates": [2.1002726, 50.8720306]}, "properties": {"osm_id": "256495375", "ref": "69", "railway_position": "85.262", "railway_ref": "295000"}}, {"type": "Feature", "geometry": {"type": "Point", "coordinates": [1.8876484, 50.9179257]}, "properties": {"osm_id": "257817509", "ref": "82", "railway_position": "101.073", "railway_ref": "295000"}}, {"type": "Feature", "geometry": {"type": "Point", "coordinates": [1.8684328, 50.9264262]}, "properties": {"osm_id": "257821818", "ref": "83", "railway_position": "102.749", "railway_ref": "295000"}}, {"type": "Feature", "geometry": {"type": "Point", "coordinates": [2.29217, 49.9384272]}, "properties": {"osm_id": "262852047", "ref": "7", "railway_position": "8.478", "railway_ref": "305000"}}, {"type": "Feature", "geometry": {"type": "Point", "coordinates": [2.1155491, 49.423024]}, "properties": {"osm_id": "265534097", "ref": "53", "railway_position": "76.579", "railway_ref": "325000"}}, {"type": "Feature", "geometry": {"type": "Point", "coordinates": [2.0852509, 49.4263989]}, "properties": {"osm_id": "293199468", "ref": "55", "railway_position": "78.817", "railway_ref": "325000"}}, {"type": "Feature", "geometry": {"type": "Point", "coordinates": [2.4356564, 49.8118465]}, "properties": {"osm_id": "300557983", "ref": "106", "railway_position": "138.220", "railway_ref": "232000"}}, {"type": "Feature", "geometry": {"type": "Point", "coordinates": [2.4226911, 49.876198]}, "properties": {"osm_id": "300568824", "ref": "3", "railway_position": "8.786", "railway_ref": "261000"}}, {"type": "Feature", "geometry": {"type": "Point", "coordinates": [1.8596278, 50.9548602]}, "properties": {"osm_id": "305779331", "ref": "162", "railway_position": "295.350", "railway_ref": "314000"}}, {"type": "Feature", "geometry": {"type": "Point", "coordinates": [3.4355867, 50.4302764]}, "properties": {"osm_id": "306169018", "ref": "46", "railway_position": "36.650", "railway_ref": "267000"}}, {"type": "Feature", "geometry": {"type": "Point", "coordinates": [2.2563594, 50.4465993]}, "properties": {"osm_id": "311298796", "ref": "85", "railway_position": "82.787", "railway_ref": "308000"}}, {"type": "Feature", "geometry": {"type": "Point", "coordinates": [2.5905653, 50.7188535]}, "properties": {"osm_id": "314060246", "ref": "37", "railway_position": "42.656", "railway_ref": "295000"}}, {"type": "Feature", "geometry": {"type": "Point", "coordinates": [3.8037667, 49.5489607]}, "properties": {"osm_id": "314449528", "ref": "12", "railway_position": "38.811", "railway_ref": "82000"}}, {"type": "Feature", "geometry": {"type": "Point", "coordinates": [2.8755626, 50.6807736]}, "properties": {"osm_id": "2675541622", "ref": "18", "railway_position": "20.260", "railway_ref": "295000"}}, {"type": "Feature", "geometry": {"type": "Point", "coordinates": [3.080458, 50.6607284]}, "properties": {"osm_id": "330657382", "ref": "6", "railway_position": "5.085", "railway_ref": "295000"}}, {"type": "Feature", "geometry": {"type": "Point", "coordinates": [2.775735, 50.6428286]}, "properties": {"osm_id": "334356901", "ref": "36", "railway_position": "28.848", "railway_ref": "294000"}}, {"type": "Feature", "geometry": {"type": "Point", "coordinates": [2.6317508, 50.7133924]}, "properties": {"osm_id": "341397030", "ref": "34", "railway_position": "39.683", "railway_ref": "295000"}}, {"type": "Feature", "geometry": {"type": "Point", "coordinates": [2.2859462, 49.9310791]}, "properties": {"osm_id": "345553214", "ref": "6", "railway_position": "7.515", "railway_ref": "305000"}}, {"type": "Feature", "geometry": {"type": "Point", "coordinates": [3.4886851, 50.3958105]}, "properties": {"osm_id": "351741121", "ref": "55", "railway_position": "42.170", "railway_ref": "267000"}}, {"type": "Feature", "geometry": {"type": "Point", "coordinates": [3.4830998, 50.3960213]}, "properties": {"osm_id": "351741432", "ref": "53", "railway_position": "41.760", "railway_ref": "267000"}}, {"type": "Feature", "geometry": {"type": "Point", "coordinates": [2.1422169, 49.9465576]}, "properties": {"osm_id": "354914102", "ref": "57", "railway_position": "144.760", "railway_ref": "311000"}}, {"type": "Feature", "geometry": {"type": "Point", "coordinates": [1.7484216, 49.6672774]}, "properties": {"osm_id": "360256943", "ref": "16", "railway_position": "53.661", "railway_ref": "321000"}}, {"type": "Feature", "geometry": {"type": "Point", "coordinates": [3.0865612, 50.6097001]}, "properties": {"osm_id": "360775756", "ref": "143", "railway_position": "247.225", "railway_ref": "272000"}}, {"type": "Feature", "geometry": {"type": "Point", "coordinates": [2.3958756, 50.731136]}, "properties": {"osm_id": "364150815", "ref": "51", "railway_position": "56.724", "railway_ref": "295000"}}, {"type": "Feature", "geometry": {"type": "Point", "coordinates": [2.4783016, 50.7728829]}, "properties": {"osm_id": "364661796", "ref": "143", "railway_position": "271.672", "railway_ref": "301000"}}, {"type": "Feature", "geometry": {"type": "Point", "coordinates": [2.7111801, 50.6338629]}, "properties": {"osm_id": "365134684", "ref": "44", "railway_position": "34.585", "railway_ref": "294000"}}, {"type": "Feature", "geometry": {"type": "Point", "coordinates": [3.1630865, 50.6217212]}, "properties": {"osm_id": "367084672", "ref": "7", "railway_position": "7.486", "railway_ref": "269000"}}, {"type": "Feature", "geometry": {"type": "Point", "coordinates": [3.146275, 50.6228683]}, "properties": {"osm_id": "367084674", "ref": "5", "railway_position": "6.289", "railway_ref": "269000"}}, {"type": "Feature", "geometry": {"type": "Point", "coordinates": [3.1680468, 50.6214325]}, "properties": {"osm_id": "367084898", "ref": "8", "railway_position": "7.837", "railway_ref": "269000"}}, {"type": "Feature", "geometry": {"type": "Point", "coordinates": [3.5571321, 49.5174267]}, "properties": {"osm_id": "378308568", "ref": "70", "railway_position": "131.335", "railway_ref": "229000"}}, {"type": "Feature", "geometry": {"type": "Point", "coordinates": [3.0214622, 50.4500992]}, "properties": {"osm_id": "395509783", "ref": "103", "railway_position": "224.120", "railway_ref": "284311"}}, {"type": "Feature", "geometry": {"type": "Point", "coordinates": [2.9507499, 50.4162475]}, "properties": {"osm_id": "395509825", "ref": "98", "railway_position": "217.763", "railway_ref": "284000"}}, {"type": "Feature", "geometry": {"type": "Point", "coordinates": [2.4251894, 50.9692688]}, "properties": {"osm_id": "408811105", "ref": "162 ter", "railway_position": "296.796", "railway_ref": "301000"}}, {"type": "Feature", "geometry": {"type": "Point", "coordinates": [1.767002, 50.8345993]}, "properties": {"osm_id": "409802765", "ref": "4", "railway_position": "3.715", "railway_ref": "314606"}}, {"type": "Feature", "geometry": {"type": "Point", "coordinates": [2.6666398, 50.0659766]}, "properties": {"osm_id": "410325675", "ref": "61", "railway_position": "162.176", "railway_ref": "272000"}}, {"type": "Feature", "geometry": {"type": "Point", "coordinates": [2.9863193, 50.328797]}, "properties": {"osm_id": "411848610", "ref": "94", "railway_position": "207.829", "railway_ref": "272000"}}, {"type": "Feature", "geometry": {"type": "Point", "coordinates": [2.781707, 50.6477104]}, "properties": {"osm_id": "417009444", "ref": "35", "railway_position": "28.161", "railway_ref": "294000"}}, {"type": "Feature", "geometry": {"type": "Point", "coordinates": [3.2519334, 50.6178997]}, "properties": {"osm_id": "417688900", "ref": "17", "railway_position": "13.782", "railway_ref": "269000"}}, {"type": "Feature", "geometry": {"type": "Point", "coordinates": [1.6489839, 50.4580547]}, "properties": {"osm_id": "418840222", "ref": "125", "railway_position": "219.757", "railway_ref": "311000"}}, {"type": "Feature", "geometry": {"type": "Point", "coordinates": [2.0105463, 49.4880923]}, "properties": {"osm_id": "420821521", "ref": "67", "railway_position": "88.439", "railway_ref": "325000"}}, {"type": "Feature", "geometry": {"type": "Point", "coordinates": [2.0037057, 49.4887731]}, "properties": {"osm_id": "420821533", "ref": "69", "railway_position": "88.947", "railway_ref": "325000"}}, {"type": "Feature", "geometry": {"type": "Point", "coordinates": [3.1498745, 50.5597106]}, "properties": {"osm_id": "421866735", "ref": "11", "railway_position": "10.384", "railway_ref": "267000"}}, {"type": "Feature", "geometry": {"type": "Point", "coordinates": [1.9880196, 49.499018]}, "properties": {"osm_id": "421950361", "ref": "71", "railway_position": "90.609", "railway_ref": "325000"}}, {"type": "Feature", "geometry": {"type": "Point", "coordinates": [1.9926848, 49.5392664]}, "properties": {"osm_id": "424279445", "ref": "75", "railway_position": "95.353", "railway_ref": "325000"}}, {"type": "Feature", "geometry": {"type": "Point", "coordinates": [3.2140209, 50.619472]}, "properties": {"osm_id": "427498494", "ref": "13", "railway_position": "11.096", "railway_ref": "269000"}}, {"type": "Feature", "geometry": {"type": "Point", "coordinates": [4.0150819, 49.6978516]}, "properties": {"osm_id": "1855831115", "ref": "104", "railway_position": "173.528", "railway_ref": "228000"}}, {"type": "Feature", "geometry": {"type": "Point", "coordinates": [3.1371146, 50.5711671]}, "properties": {"osm_id": "428883367", "ref": "10", "railway_position": "8.822", "railway_ref": "267000"}}, {"type": "Feature", "geometry": {"type": "Point", "coordinates": [3.0815869, 50.407389]}, "properties": {"osm_id": "445306513", "ref": "114", "railway_position": "221.465", "railway_ref": "272000"}}, {"type": "Feature", "geometry": {"type": "Point", "coordinates": [2.6132895, 49.8483484]}, "properties": {"osm_id": "446411400", "ref": "9", "railway_position": "23.384", "railway_ref": "261000"}}, {"type": "Feature", "geometry": {"type": "Point", "coordinates": [1.7676147, 50.4675685]}, "properties": {"osm_id": "447399059", "ref": "127", "railway_position": "123.320", "railway_ref": "308000"}}, {"type": "Feature", "geometry": {"type": "Point", "coordinates": [2.845654, 49.4264445]}, "properties": {"osm_id": "448468771", "ref": "92", "railway_position": "64.663", "railway_ref": "317000"}}, {"type": "Feature", "geometry": {"type": "Point", "coordinates": [3.1745468, 50.5298808]}, "properties": {"osm_id": "458779700", "ref": "17", "railway_position": "14.159", "railway_ref": "267000"}}, {"type": "Feature", "geometry": {"type": "Point", "coordinates": [3.3326385, 50.2306961]}, "properties": {"osm_id": "459483102", "ref": "80", "railway_position": "214.365", "railway_ref": "250000"}}, {"type": "Feature", "geometry": {"type": "Point", "coordinates": [2.8508204, 49.4372971]}, "properties": {"osm_id": "459665875", "ref": "37", "railway_position": "86.124", "railway_ref": "242000"}}, {"type": "Feature", "geometry": {"type": "Point", "coordinates": [2.862348, 49.442335]}, "properties": {"osm_id": "459665877", "ref": "39", "railway_position": "87.150", "railway_ref": "242000"}}, {"type": "Feature", "geometry": {"type": "Point", "coordinates": [2.8856994, 49.4219558]}, "properties": {"osm_id": "461126794", "ref": "95", "railway_position": "67.720", "railway_ref": "317000"}}, {"type": "Feature", "geometry": {"type": "Point", "coordinates": [2.9218552, 49.4137296]}, "properties": {"osm_id": "461126811", "ref": "98", "railway_position": "70.496", "railway_ref": "317000"}}, {"type": "Feature", "geometry": {"type": "Point", "coordinates": [3.2501134, 49.627264]}, "properties": {"osm_id": "461618791", "ref": "59", "railway_position": "126.068", "railway_ref": "242000"}}, {"type": "Feature", "geometry": {"type": "Point", "coordinates": [3.1793267, 49.5970408]}, "properties": {"osm_id": "461618794", "ref": "54", "railway_position": "119.864", "railway_ref": "242000"}}, {"type": "Feature", "geometry": {"type": "Point", "coordinates": [3.1645428, 49.5928631]}, "properties": {"osm_id": "461618796", "ref": "53", "railway_position": "118.712", "railway_ref": "242000"}}, {"type": "Feature", "geometry": {"type": "Point", "coordinates": [2.8696997, 49.4701537]}, "properties": {"osm_id": "466314633", "ref": "41", "railway_position": "90.728", "railway_ref": "242000"}}, {"type": "Feature", "geometry": {"type": "Point", "coordinates": [2.4085425, 50.7306759]}, "properties": {"osm_id": "469822697", "ref": "50", "railway_position": "55.826", "railway_ref": "295000"}}, {"type": "Feature", "geometry": {"type": "Point", "coordinates": [2.0835509, 50.8744562]}, "properties": {"osm_id": "473454936", "ref": "70", "railway_position": "86.470", "railway_ref": "295000"}}, {"type": "Feature", "geometry": {"type": "Point", "coordinates": [2.4972628, 50.6710146]}, "properties": {"osm_id": "473485678", "ref": "128", "railway_position": "255.911", "railway_ref": "301000"}}, {"type": "Feature", "geometry": {"type": "Point", "coordinates": [2.8332666, 49.4279275]}, "properties": {"osm_id": "474807662", "ref": "36", "railway_position": "84.469", "railway_ref": "242000"}}, {"type": "Feature", "geometry": {"type": "Point", "coordinates": [2.7973656, 49.4191745]}, "properties": {"osm_id": "474807666", "ref": "89", "railway_position": "60.776", "railway_ref": "317000"}}, {"type": "Feature", "geometry": {"type": "Point", "coordinates": [2.8536645, 49.422978]}, "properties": {"osm_id": "474807671", "ref": "93", "railway_position": "65.359", "railway_ref": "317000"}}, {"type": "Feature", "geometry": {"type": "Point", "coordinates": [2.6602599, 49.4302613]}, "properties": {"osm_id": "474807684", "ref": "81", "railway_position": "50.450", "railway_ref": "317000"}}, {"type": "Feature", "geometry": {"type": "Point", "coordinates": [2.8611984, 49.4558482]}, "properties": {"osm_id": "475271583", "ref": "40", "railway_position": "88.773", "railway_ref": "242000"}}, {"type": "Feature", "geometry": {"type": "Point", "coordinates": [2.8629217, 49.4669278]}, "properties": {"osm_id": "476558465", "ref": "40 bis", "railway_position": "90.119", "railway_ref": "242000"}}, {"type": "Feature", "geometry": {"type": "Point", "coordinates": [2.8815434, 49.4754202]}, "properties": {"osm_id": "476910313", "ref": "42", "railway_position": "91.768", "railway_ref": "242000"}}, {"type": "Feature", "geometry": {"type": "Point", "coordinates": [2.913915, 49.5022463]}, "properties": {"osm_id": "477380802", "ref": "43", "railway_position": "95.762", "railway_ref": "242000"}}, {"type": "Feature", "geometry": {"type": "Point", "coordinates": [4.0377514, 50.2826614]}, "properties": {"osm_id": "480952795", "ref": "100", "railway_position": "233.786", "railway_ref": "242000"}}, {"type": "Feature", "geometry": {"type": "Point", "coordinates": [2.7446239, 49.4247987]}, "properties": {"osm_id": "485197311", "ref": "86", "railway_position": "56.786", "railway_ref": "317000"}}, {"type": "Feature", "geometry": {"type": "Point", "coordinates": [4.0437172, 50.2839885]}, "properties": {"osm_id": "486038866", "ref": "101", "railway_position": "234.243", "railway_ref": "242000"}}, {"type": "Feature", "geometry": {"type": "Point", "coordinates": [3.4242485, 50.3880297]}, "properties": {"osm_id": "486292604", "ref": "142", "railway_position": "240.543", "railway_ref": "262000"}}, {"type": "Feature", "geometry": {"type": "Point", "coordinates": [2.8961017, 49.4197611]}, "properties": {"osm_id": "490268274", "ref": "96", "railway_position": "68.517", "railway_ref": "317000"}}, {"type": "Feature", "geometry": {"type": "Point", "coordinates": [2.9070197, 49.4170255]}, "properties": {"osm_id": "490268298", "ref": "97", "railway_position": "69.362", "railway_ref": "317000"}}, {"type": "Feature", "geometry": {"type": "Point", "coordinates": [2.8756505, 50.6808529]}, "properties": {"osm_id": "496913178", "ref": "18", "railway_position": "20.260", "railway_ref": "295000"}}, {"type": "Feature", "geometry": {"type": "Point", "coordinates": [2.7643357, 50.2785405]}, "properties": {"osm_id": "496977276", "ref": "80", "railway_position": "192.538", "railway_ref": "307000"}}, {"type": "Feature", "geometry": {"type": "Point", "coordinates": [3.0909637, 49.5790496]}, "properties": {"osm_id": "497301465", "ref": "50", "railway_position": "113.084", "railway_ref": "242000"}}, {"type": "Feature", "geometry": {"type": "Point", "coordinates": [3.9319663, 50.2808554]}, "properties": {"osm_id": "500016555", "ref": "96", "railway_position": "227.440", "railway_ref": "247000"}}, {"type": "Feature", "geometry": {"type": "Point", "coordinates": [3.5599001, 50.3831896]}, "properties": {"osm_id": "506905189", "ref": "163", "railway_position": "252.389", "railway_ref": "262000"}}, {"type": "Feature", "geometry": {"type": "Point", "coordinates": [3.7429803, 50.1581696]}, "properties": {"osm_id": "513379955", "ref": "85", "railway_position": "207.023", "railway_ref": "242000"}}, {"type": "Feature", "geometry": {"type": "Point", "coordinates": [3.7258726, 50.1523789]}, "properties": {"osm_id": "513379965", "ref": "84", "railway_position": "205.611", "railway_ref": "242000"}}, {"type": "Feature", "geometry": {"type": "Point", "coordinates": [3.7057037, 50.1373297]}, "properties": {"osm_id": "513379973", "ref": "83", "railway_position": "203.394", "railway_ref": "242000"}}, {"type": "Feature", "geometry": {"type": "Point", "coordinates": [3.6656012, 50.1188029]}, "properties": {"osm_id": "513379992", "ref": "80", "railway_position": "199.816", "railway_ref": "242000"}}, {"type": "Feature", "geometry": {"type": "Point", "coordinates": [3.6382473, 50.1095016]}, "properties": {"osm_id": "513380003", "ref": "79", "railway_position": "197.598", "railway_ref": "242000"}}, {"type": "Feature", "geometry": {"type": "Point", "coordinates": [3.6269702, 50.1033276]}, "properties": {"osm_id": "513380007", "ref": "78", "railway_position": "196.540", "railway_ref": "242000"}}, {"type": "Feature", "geometry": {"type": "Point", "coordinates": [3.5928188, 50.0950451]}, "properties": {"osm_id": "513380023", "ref": "76", "railway_position": "193.799", "railway_ref": "242000"}}, {"type": "Feature", "geometry": {"type": "Point", "coordinates": [2.1730609, 50.4252513]}, "properties": {"osm_id": "513762860", "ref": "92", "railway_position": "89.603", "railway_ref": "308000"}}, {"type": "Feature", "geometry": {"type": "Point", "coordinates": [3.0801769, 50.6111759]}, "properties": {"osm_id": "513778256", "ref": "2-2", "railway_position": "", "railway_ref": "289000"}}, {"type": "Feature", "geometry": {"type": "Point", "coordinates": [3.0806364, 50.6111723]}, "properties": {"osm_id": "513778258", "ref": "2", "railway_position": "", "railway_ref": "289000"}}, {"type": "Feature", "geometry": {"type": "Point", "coordinates": [3.9297646, 50.2893042]}, "properties": {"osm_id": "514258604", "ref": "97", "railway_position": "228.408", "railway_ref": "247000"}}, {"type": "Feature", "geometry": {"type": "Point", "coordinates": [3.9180754, 50.3128648]}, "properties": {"osm_id": "514258634", "ref": "100", "railway_position": "231.173", "railway_ref": "247000"}}, {"type": "Feature", "geometry": {"type": "Point", "coordinates": [3.6400034, 49.5777568]}, "properties": {"osm_id": "514436585", "ref": "78", "railway_position": "141.724", "railway_ref": "229000"}}, {"type": "Feature", "geometry": {"type": "Point", "coordinates": [2.6330949, 50.3472652]}, "properties": {"osm_id": "516035446", "ref": "93", "railway_position": "207.840", "railway_ref": "307000"}}, {"type": "Feature", "geometry": {"type": "Point", "coordinates": [2.6588196, 50.3435562]}, "properties": {"osm_id": "520594620", "ref": "91", "railway_position": "205.911", "railway_ref": "307000"}}, {"type": "Feature", "geometry": {"type": "Point", "coordinates": [3.5576987, 50.382705]}, "properties": {"osm_id": "522465644", "ref": "162", "railway_position": "252.230", "railway_ref": "262000"}}, {"type": "Feature", "geometry": {"type": "Point", "coordinates": [3.553014, 50.3816036]}, "properties": {"osm_id": "522465659", "ref": "161", "railway_position": "251.869", "railway_ref": "262000"}}, {"type": "Feature", "geometry": {"type": "Point", "coordinates": [3.58122, 50.3877497]}, "properties": {"osm_id": "522466146", "ref": "166", "railway_position": "253.979", "railway_ref": "262000"}}, {"type": "Feature", "geometry": {"type": "Point", "coordinates": [3.5059418, 50.3894968]}, "properties": {"osm_id": "524137395", "ref": "151", "railway_position": "246.310", "railway_ref": "262000"}}, {"type": "Feature", "geometry": {"type": "Point", "coordinates": [2.7203815, 50.637792]}, "properties": {"osm_id": "533711143", "ref": "43", "railway_position": "33.792", "railway_ref": "294000"}}, {"type": "Feature", "geometry": {"type": "Point", "coordinates": [2.737596, 50.6354367]}, "properties": {"osm_id": "533717364", "ref": "40", "railway_position": "32.415", "railway_ref": "294000"}}, {"type": "Feature", "geometry": {"type": "Point", "coordinates": [2.7343113, 50.6369061]}, "properties": {"osm_id": "533717365", "ref": "41", "railway_position": "32.698", "railway_ref": "294000"}}, {"type": "Feature", "geometry": {"type": "Point", "coordinates": [3.0684306, 50.5980894]}, "properties": {"osm_id": "533996052", "ref": "140", "railway_position": "245.416", "railway_ref": "272000"}}, {"type": "Feature", "geometry": {"type": "Point", "coordinates": [2.701828, 50.6307514]}, "properties": {"osm_id": "539358481", "ref": "45", "railway_position": "35.340", "railway_ref": "294000"}}, {"type": "Feature", "geometry": {"type": "Point", "coordinates": [3.8591916, 50.2064556]}, "properties": {"osm_id": "539584764", "ref": "", "railway_position": "", "railway_ref": "242000"}}, {"type": "Feature", "geometry": {"type": "Point", "coordinates": [3.8611897, 50.2066892]}, "properties": {"osm_id": "539584767", "ref": "", "railway_position": "", "railway_ref": "242000"}}, {"type": "Feature", "geometry": {"type": "Point", "coordinates": [3.8337333, 50.1925554]}, "properties": {"osm_id": "556160061", "ref": "89", "railway_position": "80.966", "railway_ref": "267000"}}, {"type": "Feature", "geometry": {"type": "Point", "coordinates": [3.8331598, 50.1929597]}, "properties": {"osm_id": "556187159", "ref": "89", "railway_position": "214.749", "railway_ref": "242000"}}, {"type": "Feature", "geometry": {"type": "Point", "coordinates": [3.8233645, 50.1887252]}, "properties": {"osm_id": "559997294", "ref": "88", "railway_position": "", "railway_ref": "242000"}}, {"type": "Feature", "geometry": {"type": "Point", "coordinates": [2.2004079, 49.9286236]}, "properties": {"osm_id": "560449978", "ref": "53", "railway_position": "140.041", "railway_ref": "311000"}}, {"type": "Feature", "geometry": {"type": "Point", "coordinates": [3.7922005, 50.2026709]}, "properties": {"osm_id": "563129324", "ref": "86", "railway_position": "77.643", "railway_ref": "267000"}}, {"type": "Feature", "geometry": {"type": "Point", "coordinates": [2.1906182, 49.8315327]}, "properties": {"osm_id": "567036659", "ref": "4", "railway_position": "12.384", "railway_ref": "321000"}}, {"type": "Feature", "geometry": {"type": "Point", "coordinates": [2.2260781, 49.8621014]}, "properties": {"osm_id": "567036777", "ref": "1", "railway_position": "7.670", "railway_ref": "321000"}}, {"type": "Feature", "geometry": {"type": "Point", "coordinates": [3.8365355, 50.184611]}, "properties": {"osm_id": "567338969", "ref": "90", "railway_position": "83.668", "railway_ref": "267000"}}, {"type": "Feature", "geometry": {"type": "Point", "coordinates": [3.543541, 50.379535]}, "properties": {"osm_id": "569201227", "ref": "159", "railway_position": "251.150", "railway_ref": "262000"}}, {"type": "Feature", "geometry": {"type": "Point", "coordinates": [3.8529532, 50.1649669]}, "properties": {"osm_id": "571402017", "ref": "91", "railway_position": "86.151", "railway_ref": "267000"}}, {"type": "Feature", "geometry": {"type": "Point", "coordinates": [2.7290689, 50.6389773]}, "properties": {"osm_id": "576988446", "ref": "42", "railway_position": "33.137", "railway_ref": "294000"}}, {"type": "Feature", "geometry": {"type": "Point", "coordinates": [3.6034799, 50.3925112]}, "properties": {"osm_id": "591967137", "ref": "170", "railway_position": "255.632", "railway_ref": "262000"}}, {"type": "Feature", "geometry": {"type": "Point", "coordinates": [3.5876442, 50.3891229]}, "properties": {"osm_id": "591967278", "ref": "167", "railway_position": "254.471", "railway_ref": "262000"}}, {"type": "Feature", "geometry": {"type": "Point", "coordinates": [3.5944963, 50.3905862]}, "properties": {"osm_id": "595572566", "ref": "168", "railway_position": "254.985", "railway_ref": "262000"}}, {"type": "Feature", "geometry": {"type": "Point", "coordinates": [3.598649, 50.3914749]}, "properties": {"osm_id": "595572587", "ref": "169", "railway_position": "255.269", "railway_ref": "262000"}}, {"type": "Feature", "geometry": {"type": "Point", "coordinates": [2.8757479, 49.4217957]}, "properties": {"osm_id": "597169178", "ref": "94", "railway_position": "67.003", "railway_ref": "317000"}}, {"type": "Feature", "geometry": {"type": "Point", "coordinates": [2.8456313, 50.6723958]}, "properties": {"osm_id": "599710449", "ref": "24", "railway_position": "22.645", "railway_ref": "294000"}}, {"type": "Feature", "geometry": {"type": "Point", "coordinates": [3.7392016, 50.2176814]}, "properties": {"osm_id": "623389650", "ref": "84", "railway_position": "73.497", "railway_ref": "267000"}}, {"type": "Feature", "geometry": {"type": "Point", "coordinates": [1.8087669, 50.1102374]}, "properties": {"osm_id": "641429401", "ref": "91", "railway_position": "176.860", "railway_ref": "323000"}}, {"type": "Feature", "geometry": {"type": "Point", "coordinates": [2.2522982, 49.909493]}, "properties": {"osm_id": "652709355", "ref": "48", "railway_position": "135.678", "railway_ref": "311000"}}, {"type": "Feature", "geometry": {"type": "Point", "coordinates": [1.7250017, 50.1192703]}, "properties": {"osm_id": "656509049", "ref": "97", "railway_position": "184.630", "railway_ref": "323000"}}, {"type": "Feature", "geometry": {"type": "Point", "coordinates": [2.6084286, 50.5254384]}, "properties": {"osm_id": "663456990", "ref": "104", "railway_position": "232.300", "railway_ref": "301000"}}, {"type": "Feature", "geometry": {"type": "Point", "coordinates": [2.4675673, 50.5805366]}, "properties": {"osm_id": "663457009", "ref": "113", "railway_position": "244.986", "railway_ref": "301000"}}, {"type": "Feature", "geometry": {"type": "Point", "coordinates": [2.7831059, 50.4362804]}, "properties": {"osm_id": "663457122", "ref": "92", "railway_position": "214.711", "railway_ref": "301000"}}, {"type": "Feature", "geometry": {"type": "Point", "coordinates": [2.9722898, 50.6089506]}, "properties": {"osm_id": "667303573", "ref": "16", "railway_position": "", "railway_ref": "292000"}}, {"type": "Feature", "geometry": {"type": "Point", "coordinates": [2.971953, 50.6116626]}, "properties": {"osm_id": "667303575", "ref": "17", "railway_position": "", "railway_ref": "292000"}}, {"type": "Feature", "geometry": {"type": "Point", "coordinates": [2.9882347, 50.6061871]}, "properties": {"osm_id": "1105891435", "ref": "15", "railway_position": "10.732", "railway_ref": "289000"}}, {"type": "Feature", "geometry": {"type": "Point", "coordinates": [3.2334946, 50.6186232]}, "properties": {"osm_id": "674316389", "ref": "15", "railway_position": "12.476", "railway_ref": "269000"}}, {"type": "Feature", "geometry": {"type": "Point", "coordinates": [2.3313734, 51.0109496]}, "properties": {"osm_id": "674494364", "ref": "7bis", "railway_position": "311.771", "railway_ref": "302526"}}, {"type": "Feature", "geometry": {"type": "Point", "coordinates": [2.4630208, 50.6128867]}, "properties": {"osm_id": "676667563", "ref": "118", "railway_position": "248.592", "railway_ref": "301000"}}, {"type": "Feature", "geometry": {"type": "Point", "coordinates": [2.462778, 50.6246844]}, "properties": {"osm_id": "676672915", "ref": "120", "railway_position": "249.906", "railway_ref": "301000"}}, {"type": "Feature", "geometry": {"type": "Point", "coordinates": [1.8980158, 50.9453445]}, "properties": {"osm_id": "682264230", "ref": "63", "railway_position": "40.304", "railway_ref": "304000"}}, {"type": "Feature", "geometry": {"type": "Point", "coordinates": [2.9406279, 50.4150926]}, "properties": {"osm_id": "683602191", "ref": "96", "railway_position": "217.020", "railway_ref": "284000"}}, {"type": "Feature", "geometry": {"type": "Point", "coordinates": [2.9463098, 50.4152285]}, "properties": {"osm_id": "683602389", "ref": "97", "railway_position": "217.425", "railway_ref": "284000"}}, {"type": "Feature", "geometry": {"type": "Point", "coordinates": [2.2107138, 49.8360203]}, "properties": {"osm_id": "698070335", "ref": "3", "railway_position": "10.810", "railway_ref": "321000"}}, {"type": "Feature", "geometry": {"type": "Point", "coordinates": [2.9722298, 50.6129428]}, "properties": {"osm_id": "725572721", "ref": "18", "railway_position": "", "railway_ref": "292000"}}, {"type": "Feature", "geometry": {"type": "Point", "coordinates": [3.2568864, 50.3304686]}, "properties": {"osm_id": "726182809", "ref": "39", "railway_position": "219.624", "railway_ref": "258000"}}, {"type": "Feature", "geometry": {"type": "Point", "coordinates": [1.6766515, 50.2719633]}, "properties": {"osm_id": "726545178", "ref": "107", "railway_position": "198.777", "railway_ref": "311000"}}, {"type": "Feature", "geometry": {"type": "Point", "coordinates": [1.6802408, 50.2659468]}, "properties": {"osm_id": "726579960", "ref": "106", "railway_position": "198.050", "railway_ref": "311000"}}, {"type": "Feature", "geometry": {"type": "Point", "coordinates": [4.0567627, 49.9019601]}, "properties": {"osm_id": "726789194", "ref": "106", "railway_position": "193.972", "railway_ref": "229000"}}, {"type": "Feature", "geometry": {"type": "Point", "coordinates": [3.26115, 50.3331179]}, "properties": {"osm_id": "728342394", "ref": "40", "railway_position": "220.047", "railway_ref": "258000"}}, {"type": "Feature", "geometry": {"type": "Point", "coordinates": [2.4919414, 50.5519675]}, "properties": {"osm_id": "735221116", "ref": "110", "railway_position": "241.244", "railway_ref": "301000"}}, {"type": "Feature", "geometry": {"type": "Point", "coordinates": [2.5777186, 50.5350808]}, "properties": {"osm_id": "735293498", "ref": "105", "railway_position": "234.810", "railway_ref": "301000"}}, {"type": "Feature", "geometry": {"type": "Point", "coordinates": [2.5120669, 50.6823433]}, "properties": {"osm_id": "735293733", "ref": "130", "railway_position": "257.546", "railway_ref": "301000"}}, {"type": "Feature", "geometry": {"type": "Point", "coordinates": [2.5546337, 50.7153787]}, "properties": {"osm_id": "735293776", "ref": "136", "railway_position": "262.296", "railway_ref": "301000"}}, {"type": "Feature", "geometry": {"type": "Point", "coordinates": [2.5427651, 50.7057406]}, "properties": {"osm_id": "735293784", "ref": "134", "railway_position": "260.931", "railway_ref": "301000"}}, {"type": "Feature", "geometry": {"type": "Point", "coordinates": [2.5356874, 50.7003388]}, "properties": {"osm_id": "735293790", "ref": "133", "railway_position": "260.151", "railway_ref": "301000"}}, {"type": "Feature", "geometry": {"type": "Point", "coordinates": [2.5267475, 50.6935126]}, "properties": {"osm_id": "735293795", "ref": "132", "railway_position": "259.165", "railway_ref": "301000"}}, {"type": "Feature", "geometry": {"type": "Point", "coordinates": [2.4936186, 50.6681745]}, "properties": {"osm_id": "735293826", "ref": "127", "railway_position": "255.505", "railway_ref": "301000"}}, {"type": "Feature", "geometry": {"type": "Point", "coordinates": [2.4801599, 50.6578756]}, "properties": {"osm_id": "735293828", "ref": "125", "railway_position": "254.017", "railway_ref": "301000"}}, {"type": "Feature", "geometry": {"type": "Point", "coordinates": [2.4675403, 50.6482083]}, "properties": {"osm_id": "735293830", "ref": "123", "railway_position": "252.621", "railway_ref": "301000"}}, {"type": "Feature", "geometry": {"type": "Point", "coordinates": [2.2908852, 50.4215618]}, "properties": {"osm_id": "735941030", "ref": "78", "railway_position": "78.952", "railway_ref": "308000"}}, {"type": "Feature", "geometry": {"type": "Point", "coordinates": [2.3084094, 50.4014488]}, "properties": {"osm_id": "735941047", "ref": "74", "railway_position": "76.342", "railway_ref": "308000"}}, {"type": "Feature", "geometry": {"type": "Point", "coordinates": [3.7861841, 50.173635]}, "properties": {"osm_id": "746511597", "ref": "87", "railway_position": "210.658", "railway_ref": "242000"}}, {"type": "Feature", "geometry": {"type": "Point", "coordinates": [3.020284, 50.51584]}, "properties": {"osm_id": "748774423", "ref": "132", "railway_position": "235.581", "railway_ref": "272000"}}, {"type": "Feature", "geometry": {"type": "Point", "coordinates": [3.2800807, 49.6431704]}, "properties": {"osm_id": "751923488", "ref": "62", "railway_position": "128.865", "railway_ref": "242000"}}, {"type": "Feature", "geometry": {"type": "Point", "coordinates": [3.0859042, 50.3946388]}, "properties": {"osm_id": "751980133", "ref": "110", "railway_position": "220.006", "railway_ref": "272000"}}, {"type": "Feature", "geometry": {"type": "Point", "coordinates": [2.2360019, 50.4492755]}, "properties": {"osm_id": "766707070", "ref": "88", "railway_position": "84.292", "railway_ref": "308000"}}, {"type": "Feature", "geometry": {"type": "Point", "coordinates": [2.9374094, 50.5750465]}, "properties": {"osm_id": "768190035", "ref": "20", "railway_position": "15.787", "railway_ref": "289000"}}, {"type": "Feature", "geometry": {"type": "Point", "coordinates": [2.6668784, 50.5305497]}, "properties": {"osm_id": "768202093", "ref": "38", "railway_position": "38.134", "railway_ref": "289000"}}, {"type": "Feature", "geometry": {"type": "Point", "coordinates": [2.9980051, 50.6643623]}, "properties": {"osm_id": "774492171", "ref": "12", "railway_position": "11.413", "railway_ref": "295000"}}, {"type": "Feature", "geometry": {"type": "Point", "coordinates": [3.2093894, 50.3603137]}, "properties": {"osm_id": "775380757", "ref": "112", "railway_position": "224.391", "railway_ref": "262000"}}, {"type": "Feature", "geometry": {"type": "Point", "coordinates": [3.9730482, 49.4081574]}, "properties": {"osm_id": "790066927", "ref": "4", "railway_position": "18.187", "railway_ref": "82000"}}, {"type": "Feature", "geometry": {"type": "Point", "coordinates": [1.906527, 50.9120998]}, "properties": {"osm_id": "794540344", "ref": "81", "railway_position": "99.599", "railway_ref": "295000"}}, {"type": "Feature", "geometry": {"type": "Point", "coordinates": [3.7637617, 49.744221]}, "properties": {"osm_id": "799430992", "ref": "91", "railway_position": "163.306", "railway_ref": "229000"}}, {"type": "Feature", "geometry": {"type": "Point", "coordinates": [3.1949603, 50.2418879]}, "properties": {"osm_id": "806475294", "ref": "167", "railway_position": "203.398", "railway_ref": "259000"}}, {"type": "Feature", "geometry": {"type": "Point", "coordinates": [2.9481638, 50.6711527]}, "properties": {"osm_id": "818575095", "ref": "14", "railway_position": "15.025", "railway_ref": "295000"}}, {"type": "Feature", "geometry": {"type": "Point", "coordinates": [3.2167503, 50.3590837]}, "properties": {"osm_id": "821854532", "ref": "113", "railway_position": "224.931", "railway_ref": "262000"}}, {"type": "Feature", "geometry": {"type": "Point", "coordinates": [2.3290883, 51.0196987]}, "properties": {"osm_id": "824482913", "ref": "4", "railway_position": "310.712", "railway_ref": "302526"}}, {"type": "Feature", "geometry": {"type": "Point", "coordinates": [2.4318979, 51.050569]}, "properties": {"osm_id": "825672200", "ref": "190", "railway_position": "310.259", "railway_ref": "300000"}}, {"type": "Feature", "geometry": {"type": "Point", "coordinates": [3.1124048, 50.3566432]}, "properties": {"osm_id": "833295287", "ref": "187", "railway_position": "220.892", "railway_ref": "259000"}}, {"type": "Feature", "geometry": {"type": "Point", "coordinates": [2.8055766, 50.292792]}, "properties": {"osm_id": "834529650", "ref": "83", "railway_position": "194.000", "railway_ref": "272000"}}, {"type": "Feature", "geometry": {"type": "Point", "coordinates": [3.1591218, 50.3602028]}, "properties": {"osm_id": "836548657", "ref": "108", "railway_position": "220.805", "railway_ref": "262000"}}, {"type": "Feature", "geometry": {"type": "Point", "coordinates": [1.6282441, 50.7800107]}, "properties": {"osm_id": "839105868", "ref": "148", "railway_position": "261.676", "railway_ref": "314000"}}, {"type": "Feature", "geometry": {"type": "Point", "coordinates": [1.6137643, 50.7636835]}, "properties": {"osm_id": "840628976", "ref": "147", "railway_position": "259.451", "railway_ref": "314000"}}, {"type": "Feature", "geometry": {"type": "Point", "coordinates": [2.5547043, 49.600876]}, "properties": {"osm_id": "842269539", "ref": "77", "railway_position": "110.404", "railway_ref": "232000"}}, {"type": "Feature", "geometry": {"type": "Point", "coordinates": [2.6515889, 49.4312738]}, "properties": {"osm_id": "842269945", "ref": "80", "railway_position": "49.813", "railway_ref": "317000"}}, {"type": "Feature", "geometry": {"type": "Point", "coordinates": [2.5926428, 49.540387]}, "properties": {"osm_id": "842270057", "ref": "70", "railway_position": "102.803", "railway_ref": "232000"}}, {"type": "Feature", "geometry": {"type": "Point", "coordinates": [1.8801522, 50.4283151]}, "properties": {"osm_id": "856924631", "ref": "116", "railway_position": "114.035", "railway_ref": "308000"}}, {"type": "Feature", "geometry": {"type": "Point", "coordinates": [2.3767509, 51.019859]}, "properties": {"osm_id": "860941475", "ref": "173", "railway_position": "304.561", "railway_ref": "300000"}}, {"type": "Feature", "geometry": {"type": "Point", "coordinates": [2.3719578, 51.0243093]}, "properties": {"osm_id": "860941479", "ref": "168", "railway_position": "304.077", "railway_ref": "301000"}}, {"type": "Feature", "geometry": {"type": "Point", "coordinates": [2.37592, 51.0199774]}, "properties": {"osm_id": "860941485", "ref": "172", "railway_position": "304.500", "railway_ref": "300000"}}, {"type": "Feature", "geometry": {"type": "Point", "coordinates": [2.5345962, 50.3553271]}, "properties": {"osm_id": "875698027", "ref": "103", "railway_position": "215.297", "railway_ref": "307000"}}, {"type": "Feature", "geometry": {"type": "Point", "coordinates": [3.6494066, 50.402299]}, "properties": {"osm_id": "893452009", "ref": "173", "railway_position": "259.082", "railway_ref": "262000"}}, {"type": "Feature", "geometry": {"type": "Point", "coordinates": [3.4244147, 50.4394211]}, "properties": {"osm_id": "901958890", "ref": "45", "railway_position": "35.358", "railway_ref": "267000"}}, {"type": "Feature", "geometry": {"type": "Point", "coordinates": [2.5658356, 50.722067]}, "properties": {"osm_id": "905263585", "ref": "39", "railway_position": "44.441", "railway_ref": "295000"}}, {"type": "Feature", "geometry": {"type": "Point", "coordinates": [2.5073001, 50.7326176]}, "properties": {"osm_id": "907189558", "ref": "139", "railway_position": "266.730", "railway_ref": "301000"}}, {"type": "Feature", "geometry": {"type": "Point", "coordinates": [2.5045586, 50.730093]}, "properties": {"osm_id": "907189576", "ref": "42", "railway_position": "48.853", "railway_ref": "295000"}}, {"type": "Feature", "geometry": {"type": "Point", "coordinates": [3.395027, 50.3847327]}, "properties": {"osm_id": "907704249", "ref": "138", "railway_position": "238.391", "railway_ref": "262000"}}, {"type": "Feature", "geometry": {"type": "Point", "coordinates": [1.8248541, 50.6525094]}, "properties": {"osm_id": "907934695", "ref": "105", "railway_position": "104.568", "railway_ref": "310000"}}, {"type": "Feature", "geometry": {"type": "Point", "coordinates": [1.7427993, 50.6355868]}, "properties": {"osm_id": "907935295", "ref": "113", "railway_position": "111.091", "railway_ref": "310000"}}, {"type": "Feature", "geometry": {"type": "Point", "coordinates": [1.9397647, 50.9455883]}, "properties": {"osm_id": "907993384", "ref": "57", "railway_position": "37.369", "railway_ref": "304000"}}, {"type": "Feature", "geometry": {"type": "Point", "coordinates": [2.1312078, 50.9778745]}, "properties": {"osm_id": "907993594", "ref": "33", "railway_position": "23.119", "railway_ref": "304000"}}, {"type": "Feature", "geometry": {"type": "Point", "coordinates": [2.3832485, 51.0014715]}, "properties": {"osm_id": "907993916", "ref": "166", "railway_position": "301.416", "railway_ref": "301000"}}, {"type": "Feature", "geometry": {"type": "Point", "coordinates": [2.3749737, 51.0181588]}, "properties": {"osm_id": "907993937", "ref": "167", "railway_position": "303.318", "railway_ref": "301000"}}, {"type": "Feature", "geometry": {"type": "Point", "coordinates": [2.1204274, 50.9788045]}, "properties": {"osm_id": "907994082", "ref": "36", "railway_position": "23.891", "railway_ref": "304000"}}, {"type": "Feature", "geometry": {"type": "Point", "coordinates": [2.0150986, 50.9523012]}, "properties": {"osm_id": "907994126", "ref": "47", "railway_position": "31.895", "railway_ref": "304000"}}, {"type": "Feature", "geometry": {"type": "Point", "coordinates": [2.1920614, 50.9518605]}, "properties": {"osm_id": "907994302", "ref": "26", "railway_position": "17.870", "railway_ref": "304000"}}, {"type": "Feature", "geometry": {"type": "Point", "coordinates": [2.2219724, 50.9775697]}, "properties": {"osm_id": "907994357", "ref": "17", "railway_position": "14.007", "railway_ref": "304000"}}, {"type": "Feature", "geometry": {"type": "Point", "coordinates": [2.1070359, 50.9776994]}, "properties": {"osm_id": "907994390", "ref": "37", "railway_position": "24.848", "railway_ref": "304000"}}, {"type": "Feature", "geometry": {"type": "Point", "coordinates": [3.9419555, 50.1216359]}, "properties": {"osm_id": "908464440", "ref": "94", "railway_position": "94.519", "railway_ref": "267000"}}, {"type": "Feature", "geometry": {"type": "Point", "coordinates": [2.4877745, 50.7322917]}, "properties": {"osm_id": "909300583", "ref": "43", "railway_position": "50.062", "railway_ref": "295000"}}, {"type": "Feature", "geometry": {"type": "Point", "coordinates": [2.5009188, 50.7385425]}, "properties": {"osm_id": "909300800", "ref": "140", "railway_position": "267.533", "railway_ref": "301000"}}, {"type": "Feature", "geometry": {"type": "Point", "coordinates": [2.4792502, 50.7334366]}, "properties": {"osm_id": "909301030", "ref": "44", "railway_position": "50.677", "railway_ref": "295000"}}, {"type": "Feature", "geometry": {"type": "Point", "coordinates": [3.9586399, 50.1129026]}, "properties": {"osm_id": "910518547", "ref": "95", "railway_position": "96.063", "railway_ref": "267000"}}, {"type": "Feature", "geometry": {"type": "Point", "coordinates": [2.491506, 50.7527991]}, "properties": {"osm_id": "910613288", "ref": "141", "railway_position": "269.253", "railway_ref": "301000"}}, {"type": "Feature", "geometry": {"type": "Point", "coordinates": [1.9369177, 50.4062995]}, "properties": {"osm_id": "911081625", "ref": "110", "railway_position": "109.267", "railway_ref": "308000"}}, {"type": "Feature", "geometry": {"type": "Point", "coordinates": [1.8941998, 50.4231677]}, "properties": {"osm_id": "911081865", "ref": "115", "railway_position": "112.885", "railway_ref": "308000"}}, {"type": "Feature", "geometry": {"type": "Point", "coordinates": [1.7242037, 50.4915691]}, "properties": {"osm_id": "911081905", "ref": "133", "railway_position": "127.633", "railway_ref": "308000"}}, {"type": "Feature", "geometry": {"type": "Point", "coordinates": [1.9186833, 50.4114231]}, "properties": {"osm_id": "911082300", "ref": "112", "railway_position": "110.684", "railway_ref": "308000"}}, {"type": "Feature", "geometry": {"type": "Point", "coordinates": [1.83406, 50.4467656]}, "properties": {"osm_id": "911082683", "ref": "121", "railway_position": "117.942", "railway_ref": "308000"}}, {"type": "Feature", "geometry": {"type": "Point", "coordinates": [2.5207773, 50.6890057]}, "properties": {"osm_id": "912589010", "ref": "131", "railway_position": "258.510", "railway_ref": "301000"}}, {"type": "Feature", "geometry": {"type": "Point", "coordinates": [2.5758862, 50.7207479]}, "properties": {"osm_id": "913313310", "ref": "38", "railway_position": "43.714", "railway_ref": "295000"}}, {"type": "Feature", "geometry": {"type": "Point", "coordinates": [2.6113589, 50.7160803]}, "properties": {"osm_id": "913615629", "ref": "35", "railway_position": "41.156", "railway_ref": "295000"}}, {"type": "Feature", "geometry": {"type": "Point", "coordinates": [2.6038902, 50.7170651]}, "properties": {"osm_id": "913633364", "ref": "36", "railway_position": "41.693", "railway_ref": "295000"}}, {"type": "Feature", "geometry": {"type": "Point", "coordinates": [2.31796, 50.3909606]}, "properties": {"osm_id": "913842725", "ref": "72", "railway_position": "74.992", "railway_ref": "308000"}}, {"type": "Feature", "geometry": {"type": "Point", "coordinates": [2.3204232, 50.387076]}, "properties": {"osm_id": "913842886", "ref": "71", "railway_position": "74.524", "railway_ref": "308000"}}, {"type": "Feature", "geometry": {"type": "Point", "coordinates": [2.6046584, 50.3535313]}, "properties": {"osm_id": "913842955", "ref": "97", "railway_position": "210.107", "railway_ref": "307000"}}, {"type": "Feature", "geometry": {"type": "Point", "coordinates": [2.5912793, 50.3530419]}, "properties": {"osm_id": "913843079", "ref": "98", "railway_position": "211.057", "railway_ref": "307000"}}, {"type": "Feature", "geometry": {"type": "Point", "coordinates": [2.5136026, 50.3551719]}, "properties": {"osm_id": "913843265", "ref": "104", "railway_position": "216.863", "railway_ref": "307000"}}, {"type": "Feature", "geometry": {"type": "Point", "coordinates": [2.6157459, 50.3510193]}, "properties": {"osm_id": "913843335", "ref": "95", "railway_position": "209.257", "railway_ref": "307000"}}, {"type": "Feature", "geometry": {"type": "Point", "coordinates": [2.5478049, 50.3529224]}, "properties": {"osm_id": "913843491", "ref": "102", "railway_position": "214.310", "railway_ref": "307000"}}, {"type": "Feature", "geometry": {"type": "Point", "coordinates": [2.5855786, 50.5307974]}, "properties": {"osm_id": "914792049", "ref": "46", "railway_position": "45.036", "railway_ref": "289000"}}, {"type": "Feature", "geometry": {"type": "Point", "coordinates": [2.5006447, 50.492813]}, "properties": {"osm_id": "914792077", "ref": "57", "railway_position": "52.717", "railway_ref": "289000"}}, {"type": "Feature", "geometry": {"type": "Point", "coordinates": [2.5607292, 50.5234383]}, "properties": {"osm_id": "914792091", "ref": "50", "railway_position": "47.147", "railway_ref": "289000"}}, {"type": "Feature", "geometry": {"type": "Point", "coordinates": [2.5260613, 50.5094434]}, "properties": {"osm_id": "914792098", "ref": "55", "railway_position": "50.087", "railway_ref": "289000"}}, {"type": "Feature", "geometry": {"type": "Point", "coordinates": [2.5418937, 50.5138748]}, "properties": {"osm_id": "914792104", "ref": "53", "railway_position": "48.858", "railway_ref": "289000"}}, {"type": "Feature", "geometry": {"type": "Point", "coordinates": [2.6728809, 50.7082679]}, "properties": {"osm_id": "916124069", "ref": "32", "railway_position": "36.728", "railway_ref": "295000"}}, {"type": "Feature", "geometry": {"type": "Point", "coordinates": [3.2568192, 50.1683284]}, "properties": {"osm_id": "916557308", "ref": "4 bis", "railway_position": "205.411", "railway_ref": "250311"}}, {"type": "Feature", "geometry": {"type": "Point", "coordinates": [3.4492337, 50.0925184]}, "properties": {"osm_id": "916610452", "ref": "77", "railway_position": "186.558", "railway_ref": "250000"}}, {"type": "Feature", "geometry": {"type": "Point", "coordinates": [3.448357, 50.0832463]}, "properties": {"osm_id": "916610611", "ref": "76", "railway_position": "185.517", "railway_ref": "250000"}}, {"type": "Feature", "geometry": {"type": "Point", "coordinates": [3.303329, 49.8305677]}, "properties": {"osm_id": "916731586", "ref": "4", "railway_position": "1.748", "railway_ref": "242626"}}, {"type": "Feature", "geometry": {"type": "Point", "coordinates": [3.7985692, 49.8006619]}, "properties": {"osm_id": "917083779", "ref": "97", "railway_position": "171.044", "railway_ref": "229000"}}, {"type": "Feature", "geometry": {"type": "Point", "coordinates": [3.7935931, 49.7607257]}, "properties": {"osm_id": "917084006", "ref": "94", "railway_position": "166.330", "railway_ref": "229000"}}, {"type": "Feature", "geometry": {"type": "Point", "coordinates": [3.8364158, 49.806769]}, "properties": {"osm_id": "917084153", "ref": "99", "railway_position": "173.883", "railway_ref": "229000"}}, {"type": "Feature", "geometry": {"type": "Point", "coordinates": [3.8492277, 49.8108828]}, "properties": {"osm_id": "917084211", "ref": "100", "railway_position": "174.914", "railway_ref": "229000"}}, {"type": "Feature", "geometry": {"type": "Point", "coordinates": [2.9066929, 50.5225527]}, "properties": {"osm_id": "917150409", "ref": "103", "railway_position": "223.613", "railway_ref": "286000"}}, {"type": "Feature", "geometry": {"type": "Point", "coordinates": [2.8928034, 50.4963882]}, "properties": {"osm_id": "917150444", "ref": "98", "railway_position": "220.407", "railway_ref": "286000"}}, {"type": "Feature", "geometry": {"type": "Point", "coordinates": [2.9093797, 50.5342927]}, "properties": {"osm_id": "917150463", "ref": "106", "railway_position": "224.980", "railway_ref": "286000"}}, {"type": "Feature", "geometry": {"type": "Point", "coordinates": [2.9060247, 50.5472849]}, "properties": {"osm_id": "917150759", "ref": "107", "railway_position": "226.454", "railway_ref": "286000"}}, {"type": "Feature", "geometry": {"type": "Point", "coordinates": [2.9108449, 50.5291266]}, "properties": {"osm_id": "917150909", "ref": "104", "railway_position": "224.396", "railway_ref": "286000"}}, {"type": "Feature", "geometry": {"type": "Point", "coordinates": [2.9052757, 50.5110647]}, "properties": {"osm_id": "917150937", "ref": "100bis", "railway_position": "222.317", "railway_ref": "286000"}}, {"type": "Feature", "geometry": {"type": "Point", "coordinates": [2.9047619, 50.5161059]}, "properties": {"osm_id": "917150991", "ref": "101", "railway_position": "222.881", "railway_ref": "286000"}}, {"type": "Feature", "geometry": {"type": "Point", "coordinates": [2.9017207, 50.5059799]}, "properties": {"osm_id": "917151020", "ref": "99", "railway_position": "221.666", "railway_ref": "286000"}}, {"type": "Feature", "geometry": {"type": "Point", "coordinates": [2.8790341, 50.4744072]}, "properties": {"osm_id": "917166383", "ref": "", "railway_position": "", "railway_ref": "286610"}}, {"type": "Feature", "geometry": {"type": "Point", "coordinates": [3.9134577, 50.1321155]}, "properties": {"osm_id": "920700620", "ref": "92", "railway_position": "92.070", "railway_ref": "267000"}}, {"type": "Feature", "geometry": {"type": "Point", "coordinates": [2.7202076, 50.7235658]}, "properties": {"osm_id": "928058780", "ref": "28", "railway_position": "32.871", "railway_ref": "295000"}}, {"type": "Feature", "geometry": {"type": "Point", "coordinates": [2.2214953, 50.8064891]}, "properties": {"osm_id": "928059366", "ref": "59ter", "railway_position": "73.175", "railway_ref": "295000"}}, {"type": "Feature", "geometry": {"type": "Point", "coordinates": [2.7080621, 50.7173235]}, "properties": {"osm_id": "928113752", "ref": "29", "railway_position": "33.971", "railway_ref": "295000"}}, {"type": "Feature", "geometry": {"type": "Point", "coordinates": [2.6831869, 50.7087068]}, "properties": {"osm_id": "928126873", "ref": "31", "railway_position": "35.998", "railway_ref": "295000"}}, {"type": "Feature", "geometry": {"type": "Point", "coordinates": [2.8636026, 50.6833889]}, "properties": {"osm_id": "929762847", "ref": "19", "railway_position": "21.156", "railway_ref": "295000"}}, {"type": "Feature", "geometry": {"type": "Point", "coordinates": [2.4559444, 50.7889153]}, "properties": {"osm_id": "930065138", "ref": "146", "railway_position": "274.147", "railway_ref": "301000"}}, {"type": "Feature", "geometry": {"type": "Point", "coordinates": [2.4228121, 50.7999947]}, "properties": {"osm_id": "930065210", "ref": "147", "railway_position": "276.788", "railway_ref": "301000"}}, {"type": "Feature", "geometry": {"type": "Point", "coordinates": [3.2060519, 50.5025763]}, "properties": {"osm_id": "932041567", "ref": "23", "railway_position": "17.917", "railway_ref": "267000"}}, {"type": "Feature", "geometry": {"type": "Point", "coordinates": [2.4106955, 50.9196059]}, "properties": {"osm_id": "933700447", "ref": "158", "railway_position": "290.756", "railway_ref": "301000"}}, {"type": "Feature", "geometry": {"type": "Point", "coordinates": [2.4121878, 50.8892344]}, "properties": {"osm_id": "933805003", "ref": "156", "railway_position": "287.373", "railway_ref": "301000"}}, {"type": "Feature", "geometry": {"type": "Point", "coordinates": [2.5605986, 49.6211588]}, "properties": {"osm_id": "939418350", "ref": "81", "railway_position": "112.893", "railway_ref": "232000"}}, {"type": "Feature", "geometry": {"type": "Point", "coordinates": [2.5315825, 49.6708513]}, "properties": {"osm_id": "939418678", "ref": "89", "railway_position": "119.406", "railway_ref": "232000"}}, {"type": "Feature", "geometry": {"type": "Point", "coordinates": [1.7468068, 50.4859935]}, "properties": {"osm_id": "940596549", "ref": "131", "railway_position": "125.884", "railway_ref": "308000"}}, {"type": "Feature", "geometry": {"type": "Point", "coordinates": [2.6501994, 50.3438825]}, "properties": {"osm_id": "940596611", "ref": "92", "railway_position": "206.530", "railway_ref": "307000"}}, {"type": "Feature", "geometry": {"type": "Point", "coordinates": [2.4228537, 50.3661816]}, "properties": {"osm_id": "940596632", "ref": "110", "railway_position": "223.494", "railway_ref": "307000"}}, {"type": "Feature", "geometry": {"type": "Point", "coordinates": [1.7512961, 50.4839588]}, "properties": {"osm_id": "940596753", "ref": "130", "railway_position": "125.494", "railway_ref": "308000"}}, {"type": "Feature", "geometry": {"type": "Point", "coordinates": [1.8106488, 50.4517384]}, "properties": {"osm_id": "940596805", "ref": "122", "railway_position": "119.727", "railway_ref": "308000"}}, {"type": "Feature", "geometry": {"type": "Point", "coordinates": [2.7720829, 50.637273]}, "properties": {"osm_id": "941453039", "ref": "37", "railway_position": "29.520", "railway_ref": "294000"}}, {"type": "Feature", "geometry": {"type": "Point", "coordinates": [2.5771873, 50.5314757]}, "properties": {"osm_id": "942072030", "ref": "47", "railway_position": "45.650", "railway_ref": "289000"}}, {"type": "Feature", "geometry": {"type": "Point", "coordinates": [3.2372436, 50.4840481]}, "properties": {"osm_id": "951516898", "ref": "26", "railway_position": "20.943", "railway_ref": "267000"}}, {"type": "Feature", "geometry": {"type": "Point", "coordinates": [2.8505355, 50.6741857]}, "properties": {"osm_id": "953009038", "ref": "23", "railway_position": "22.246", "railway_ref": "294000"}}, {"type": "Feature", "geometry": {"type": "Point", "coordinates": [2.8589965, 50.6772756]}, "properties": {"osm_id": "953009056", "ref": "21", "railway_position": "21.556", "railway_ref": "294000"}}, {"type": "Feature", "geometry": {"type": "Point", "coordinates": [2.816475, 50.6644232]}, "properties": {"osm_id": "953009101", "ref": "28", "railway_position": "24.952", "railway_ref": "294000"}}, {"type": "Feature", "geometry": {"type": "Point", "coordinates": [2.437202, 50.7329798]}, "properties": {"osm_id": "956451370", "ref": "48", "railway_position": "53.742", "railway_ref": "295000"}}, {"type": "Feature", "geometry": {"type": "Point", "coordinates": [2.4586329, 50.7360607]}, "properties": {"osm_id": "956451382", "ref": "46", "railway_position": "52.159", "railway_ref": "295000"}}, {"type": "Feature", "geometry": {"type": "Point", "coordinates": [3.259041, 50.1672626]}, "properties": {"osm_id": "957010537", "ref": "1", "railway_position": "204.721", "railway_ref": "250306"}}, {"type": "Feature", "geometry": {"type": "Point", "coordinates": [2.828481, 50.6968674]}, "properties": {"osm_id": "957387894", "ref": "21", "railway_position": "24.055", "railway_ref": "295000"}}, {"type": "Feature", "geometry": {"type": "Point", "coordinates": [3.3382338, 50.2883523]}, "properties": {"osm_id": "966108824", "ref": "82 bis", "railway_position": "221.000", "railway_ref": "250000"}}, {"type": "Feature", "geometry": {"type": "Point", "coordinates": [3.1177351, 50.2911029]}, "properties": {"osm_id": "968097052", "ref": "179", "railway_position": "213.150", "railway_ref": "259000"}}, {"type": "Feature", "geometry": {"type": "Point", "coordinates": [3.1236357, 50.28325]}, "properties": {"osm_id": "968097053", "ref": "178", "railway_position": "212.174", "railway_ref": "259000"}}, {"type": "Feature", "geometry": {"type": "Point", "coordinates": [3.1241638, 50.3429808]}, "properties": {"osm_id": "968108848", "ref": "184", "railway_position": "219.137", "railway_ref": "259000"}}, {"type": "Feature", "geometry": {"type": "Point", "coordinates": [3.1204445, 50.3494661]}, "properties": {"osm_id": "968110008", "ref": "186", "railway_position": "219.911", "railway_ref": "259000"}}, {"type": "Feature", "geometry": {"type": "Point", "coordinates": [3.1210821, 50.35873]}, "properties": {"osm_id": "968123331", "ref": "105", "railway_position": "218.106", "railway_ref": "262000"}}, {"type": "Feature", "geometry": {"type": "Point", "coordinates": [1.6452813, 50.4847691]}, "properties": {"osm_id": "969143751", "ref": "128", "railway_position": "222.723", "railway_ref": "311000"}}, {"type": "Feature", "geometry": {"type": "Point", "coordinates": [3.3142631, 50.3666497]}, "properties": {"osm_id": "969298602", "ref": "126", "railway_position": "232.262", "railway_ref": "262000"}}, {"type": "Feature", "geometry": {"type": "Point", "coordinates": [2.816634, 50.7014433]}, "properties": {"osm_id": "976978075", "ref": "22", "railway_position": "25.030", "railway_ref": "295000"}}, {"type": "Feature", "geometry": {"type": "Point", "coordinates": [3.0705701, 50.4203989]}, "properties": {"osm_id": "983682627", "ref": "118", "railway_position": "223.120", "railway_ref": "272000"}}, {"type": "Feature", "geometry": {"type": "Point", "coordinates": [1.6581425, 50.3244546]}, "properties": {"osm_id": "986353646", "ref": "111", "railway_position": "204.802", "railway_ref": "311000"}}, {"type": "Feature", "geometry": {"type": "Point", "coordinates": [1.8667462, 50.0628039]}, "properties": {"osm_id": "986693249", "ref": "86", "railway_position": "169.676", "railway_ref": "311000"}}, {"type": "Feature", "geometry": {"type": "Point", "coordinates": [2.9803887, 50.3271295]}, "properties": {"osm_id": "989529419", "ref": "93", "railway_position": "207.368", "railway_ref": "272000"}}, {"type": "Feature", "geometry": {"type": "Point", "coordinates": [3.022678, 50.3386881]}, "properties": {"osm_id": "989554767", "ref": "98", "railway_position": "210.630", "railway_ref": "272000"}}, {"type": "Feature", "geometry": {"type": "Point", "coordinates": [1.6193188, 49.9355632]}, "properties": {"osm_id": "991661596", "ref": "165", "railway_position": "159.055", "railway_ref": "325000"}}, {"type": "Feature", "geometry": {"type": "Point", "coordinates": [1.6278274, 49.9317064]}, "properties": {"osm_id": "991727291", "ref": "164", "railway_position": "158.302", "railway_ref": "325000"}}, {"type": "Feature", "geometry": {"type": "Point", "coordinates": [1.6290049, 49.9311281]}, "properties": {"osm_id": "991732999", "ref": "163", "railway_position": "158.196", "railway_ref": "325000"}}, {"type": "Feature", "geometry": {"type": "Point", "coordinates": [3.242364, 50.4810106]}, "properties": {"osm_id": "993116268", "ref": "27", "railway_position": "21.434", "railway_ref": "267000"}}, {"type": "Feature", "geometry": {"type": "Point", "coordinates": [1.8961822, 50.050568]}, "properties": {"osm_id": "1005712515", "ref": "83", "railway_position": "167.150", "railway_ref": "311000"}}, {"type": "Feature", "geometry": {"type": "Point", "coordinates": [1.8990387, 50.0467965]}, "properties": {"osm_id": "1005712552", "ref": "82", "railway_position": "166.686", "railway_ref": "311000"}}, {"type": "Feature", "geometry": {"type": "Point", "coordinates": [1.9398362, 50.0299859]}, "properties": {"osm_id": "1010928092", "ref": "77", "railway_position": "163.015", "railway_ref": "311000"}}, {"type": "Feature", "geometry": {"type": "Point", "coordinates": [1.9356481, 50.0307278]}, "properties": {"osm_id": "1010928133", "ref": "78", "railway_position": "163.324", "railway_ref": "311000"}}, {"type": "Feature", "geometry": {"type": "Point", "coordinates": [1.9422349, 50.0290139]}, "properties": {"osm_id": "1010928528", "ref": "76", "railway_position": "162.810", "railway_ref": "311000"}}, {"type": "Feature", "geometry": {"type": "Point", "coordinates": [1.9995304, 50.0133393]}, "properties": {"osm_id": "1012651706", "ref": "70", "railway_position": "158.286", "railway_ref": "311000"}}, {"type": "Feature", "geometry": {"type": "Point", "coordinates": [1.9948288, 50.0159204]}, "properties": {"osm_id": "1013603143", "ref": "71", "railway_position": "158.725", "railway_ref": "311000"}}, {"type": "Feature", "geometry": {"type": "Point", "coordinates": [2.0931767, 49.9693609]}, "properties": {"osm_id": "1014694007", "ref": "61", "railway_position": "149.208", "railway_ref": "311000"}}, {"type": "Feature", "geometry": {"type": "Point", "coordinates": [1.9760829, 50.0218195]}, "properties": {"osm_id": "1015078720", "ref": "73", "railway_position": "160.243", "railway_ref": "311000"}}, {"type": "Feature", "geometry": {"type": "Point", "coordinates": [3.6195788, 50.2595262]}, "properties": {"osm_id": "1016275657", "ref": "77", "railway_position": "63.783", "railway_ref": "267000"}}, {"type": "Feature", "geometry": {"type": "Point", "coordinates": [2.0119501, 50.0089011]}, "properties": {"osm_id": "1018628082", "ref": "69", "railway_position": "157.248", "railway_ref": "311000"}}, {"type": "Feature", "geometry": {"type": "Point", "coordinates": [2.0316901, 50.0091156]}, "properties": {"osm_id": "1018687262", "ref": "68", "railway_position": "155.825", "railway_ref": "311000"}}, {"type": "Feature", "geometry": {"type": "Point", "coordinates": [3.7716412, 49.7482236]}, "properties": {"osm_id": "1020001005", "ref": "92", "railway_position": "164.230", "railway_ref": "229000"}}, {"type": "Feature", "geometry": {"type": "Point", "coordinates": [3.6880901, 49.5793518]}, "properties": {"osm_id": "1020164275", "ref": "80", "railway_position": "144.741", "railway_ref": "228000"}}, {"type": "Feature", "geometry": {"type": "Point", "coordinates": [2.0544528, 49.9898704]}, "properties": {"osm_id": "1020224490", "ref": "67", "railway_position": "152.887", "railway_ref": "311000"}}, {"type": "Feature", "geometry": {"type": "Point", "coordinates": [2.0684109, 49.979762]}, "properties": {"osm_id": "1020284038", "ref": "64", "railway_position": "151.379", "railway_ref": "311000"}}, {"type": "Feature", "geometry": {"type": "Point", "coordinates": [3.7574416, 49.7410008]}, "properties": {"osm_id": "1020312913", "ref": "90", "railway_position": "162.913", "railway_ref": "229000"}}, {"type": "Feature", "geometry": {"type": "Point", "coordinates": [1.6478444, 50.417921]}, "properties": {"osm_id": "1020336319", "ref": "122", "railway_position": "215.288", "railway_ref": "311000"}}, {"type": "Feature", "geometry": {"type": "Point", "coordinates": [1.8871043, 50.0556708]}, "properties": {"osm_id": "1028344707", "ref": "84", "railway_position": "168.016", "railway_ref": "311000"}}, {"type": "Feature", "geometry": {"type": "Point", "coordinates": [2.6622109, 50.496431]}, "properties": {"osm_id": "1029820987", "ref": "99", "railway_position": "226.586", "railway_ref": "301000"}}, {"type": "Feature", "geometry": {"type": "Point", "coordinates": [1.9097856, 50.037046]}, "properties": {"osm_id": "1031141955", "ref": "80", "railway_position": "165.352", "railway_ref": "311000"}}, {"type": "Feature", "geometry": {"type": "Point", "coordinates": [1.9020396, 50.0431791]}, "properties": {"osm_id": "1031142001", "ref": "81", "railway_position": "166.225", "railway_ref": "311000"}}, {"type": "Feature", "geometry": {"type": "Point", "coordinates": [2.1802391, 49.9364673]}, "properties": {"osm_id": "1037025722", "ref": "54", "railway_position": "141.734", "railway_ref": "311000"}}, {"type": "Feature", "geometry": {"type": "Point", "coordinates": [2.8737229, 50.2970409]}, "properties": {"osm_id": "1037033452", "ref": "87", "railway_position": "199.087", "railway_ref": "272000"}}, {"type": "Feature", "geometry": {"type": "Point", "coordinates": [2.9180184, 50.3099617]}, "properties": {"osm_id": "1037752241", "ref": "90", "railway_position": "202.541", "railway_ref": "272000"}}, {"type": "Feature", "geometry": {"type": "Point", "coordinates": [1.6140437, 50.5619078]}, "properties": {"osm_id": "1039341859", "ref": "131", "railway_position": "232.087", "railway_ref": "311000"}}, {"type": "Feature", "geometry": {"type": "Point", "coordinates": [1.6152612, 50.5683049]}, "properties": {"osm_id": "1039362031", "ref": "132", "railway_position": "232.811", "railway_ref": "311000"}}, {"type": "Feature", "geometry": {"type": "Point", "coordinates": [2.5981456, 49.9646903]}, "properties": {"osm_id": "1044989899", "ref": "56", "railway_position": "148.939", "railway_ref": "272000"}}, {"type": "Feature", "geometry": {"type": "Point", "coordinates": [2.5393719, 49.9434257]}, "properties": {"osm_id": "1048656089", "ref": "52", "railway_position": "144.043", "railway_ref": "272000"}}, {"type": "Feature", "geometry": {"type": "Point", "coordinates": [2.5717179, 49.955419]}, "properties": {"osm_id": "1048818894", "ref": "54", "railway_position": "146.765", "railway_ref": "272000"}}, {"type": "Feature", "geometry": {"type": "Point", "coordinates": [3.4570598, 49.7995241]}, "properties": {"osm_id": "1055551454", "ref": "28", "railway_position": "16.980", "railway_ref": "242626"}}, {"type": "Feature", "geometry": {"type": "Point", "coordinates": [3.3436037, 49.7957943]}, "properties": {"osm_id": "1055551463", "ref": "12", "railway_position": "6.842", "railway_ref": "242626"}}, {"type": "Feature", "geometry": {"type": "Point", "coordinates": [3.3418964, 49.8017649]}, "properties": {"osm_id": "1055551621", "ref": "11", "railway_position": "6.168", "railway_ref": "242626"}}, {"type": "Feature", "geometry": {"type": "Point", "coordinates": [3.4550867, 49.7975034]}, "properties": {"osm_id": "1055551630", "ref": "27", "railway_position": "16.711", "railway_ref": "242626"}}, {"type": "Feature", "geometry": {"type": "Point", "coordinates": [2.915351, 50.5523094]}, "properties": {"osm_id": "1056271165", "ref": "25", "railway_position": "18.867", "railway_ref": "289000"}}, {"type": "Feature", "geometry": {"type": "Point", "coordinates": [2.9274837, 50.5689196]}, "properties": {"osm_id": "1056848308", "ref": "22", "railway_position": "16.774", "railway_ref": "289000"}}, {"type": "Feature", "geometry": {"type": "Point", "coordinates": [2.9303561, 50.5716846]}, "properties": {"osm_id": "1056852381", "ref": "21", "railway_position": "16.398", "railway_ref": "289000"}}, {"type": "Feature", "geometry": {"type": "Point", "coordinates": [3.981438, 50.1004815]}, "properties": {"osm_id": "1066167340", "ref": "97", "railway_position": "98.197", "railway_ref": "267000"}}, {"type": "Feature", "geometry": {"type": "Point", "coordinates": [1.7036898, 50.4977551]}, "properties": {"osm_id": "1072437688", "ref": "135", "railway_position": "129.282", "railway_ref": "308000"}}, {"type": "Feature", "geometry": {"type": "Point", "coordinates": [4.0759561, 49.9993671]}, "properties": {"osm_id": "1091088804", "ref": "100", "railway_position": "112.230", "railway_ref": "267000"}}, {"type": "Feature", "geometry": {"type": "Point", "coordinates": [3.2917003, 49.8351672]}, "properties": {"osm_id": "1091155499", "ref": "1", "railway_position": "0.725", "railway_ref": "242626"}}, {"type": "Feature", "geometry": {"type": "Point", "coordinates": [3.2958494, 49.8327536]}, "properties": {"osm_id": "1091158549", "ref": "2", "railway_position": "1.158", "railway_ref": "242626"}}, {"type": "Feature", "geometry": {"type": "Point", "coordinates": [3.3401189, 49.8079669]}, "properties": {"osm_id": "1091175141", "ref": "9", "railway_position": "5.467", "railway_ref": "242626"}}, {"type": "Feature", "geometry": {"type": "Point", "coordinates": [3.4861533, 49.8308382]}, "properties": {"osm_id": "1091184309", "ref": "41", "railway_position": "21.281", "railway_ref": "242626"}}, {"type": "Feature", "geometry": {"type": "Point", "coordinates": [2.111507, 50.8704364]}, "properties": {"osm_id": "1092432384", "ref": "68bis", "railway_position": "84.452", "railway_ref": "295000"}}, {"type": "Feature", "geometry": {"type": "Point", "coordinates": [4.0961233, 49.9782901]}, "properties": {"osm_id": "1095122340", "ref": "101", "railway_position": "115.151", "railway_ref": "267000"}}, {"type": "Feature", "geometry": {"type": "Point", "coordinates": [2.4608306, 50.4788265]}, "properties": {"osm_id": "1102483945", "ref": "58", "railway_position": "56.026", "railway_ref": "289000"}}, {"type": "Feature", "geometry": {"type": "Point", "coordinates": [3.4828619, 49.8204889]}, "properties": {"osm_id": "1102709209", "ref": "40", "railway_position": "20.098", "railway_ref": "242626"}}, {"type": "Feature", "geometry": {"type": "Point", "coordinates": [1.6048433, 50.6973065]}, "properties": {"osm_id": "1104614303", "ref": "141", "railway_position": "250.762", "railway_ref": "311000"}}, {"type": "Feature", "geometry": {"type": "Point", "coordinates": [3.0031197, 50.6352649]}, "properties": {"osm_id": "1104659330", "ref": "", "railway_position": "", "railway_ref": "292000"}}, {"type": "Feature", "geometry": {"type": "Point", "coordinates": [2.8053872, 50.705786]}, "properties": {"osm_id": "1104837560", "ref": "23", "railway_position": "25.960", "railway_ref": "295000"}}, {"type": "Feature", "geometry": {"type": "Point", "coordinates": [2.9889003, 50.6296846]}, "properties": {"osm_id": "1104847202", "ref": "", "railway_position": "", "railway_ref": "292000"}}, {"type": "Feature", "geometry": {"type": "Point", "coordinates": [4.0513475, 50.0259048]}, "properties": {"osm_id": "1105878021", "ref": "99", "railway_position": "108.527", "railway_ref": "267000"}}, {"type": "Feature", "geometry": {"type": "Point", "coordinates": [3.9680736, 49.41933]}, "properties": {"osm_id": "1118481668", "ref": "5", "railway_position": "19.482", "railway_ref": "82000"}}, {"type": "Feature", "geometry": {"type": "Point", "coordinates": [2.7891642, 49.8069268]}, "properties": {"osm_id": "1118679869", "ref": "88", "railway_position": "130.798", "railway_ref": "259000"}}, {"type": "Feature", "geometry": {"type": "Point", "coordinates": [2.3392091, 49.6240471]}, "properties": {"osm_id": "1118743316", "ref": "34", "railway_position": "98.885", "railway_ref": "319000"}}, {"type": "Feature", "geometry": {"type": "Point", "coordinates": [1.683868, 49.9018096]}, "properties": {"osm_id": "1119703378", "ref": "150", "railway_position": "152.764", "railway_ref": "325000"}}, {"type": "Feature", "geometry": {"type": "Point", "coordinates": [1.9146261, 49.6552093]}, "properties": {"osm_id": "1119703950", "ref": "93", "railway_position": "113.617", "railway_ref": "325000"}}, {"type": "Feature", "geometry": {"type": "Point", "coordinates": [1.9839806, 49.548166]}, "properties": {"osm_id": "1119719718", "ref": "76", "railway_position": "96.556", "railway_ref": "325000"}}, {"type": "Feature", "geometry": {"type": "Point", "coordinates": [1.6008776, 50.7413806]}, "properties": {"osm_id": "1121790745", "ref": "146", "railway_position": "256.712", "railway_ref": "314000"}}, {"type": "Feature", "geometry": {"type": "Point", "coordinates": [2.2488022, 50.4483428]}, "properties": {"osm_id": "1129339603", "ref": "86", "railway_position": "83.347", "railway_ref": "308000"}}, {"type": "Feature", "geometry": {"type": "Point", "coordinates": [4.2563417, 49.8078755]}, "properties": {"osm_id": "1140039003", "ref": "15", "railway_position": "19.617", "railway_ref": "212000"}}, {"type": "Feature", "geometry": {"type": "Point", "coordinates": [4.0684086, 50.0372745]}, "properties": {"osm_id": "1159434149", "ref": "153", "railway_position": "122.321", "railway_ref": "240000"}}, {"type": "Feature", "geometry": {"type": "Point", "coordinates": [4.074751, 50.0423314]}, "properties": {"osm_id": "1159474922", "ref": "152", "railway_position": "121.591", "railway_ref": "240000"}}, {"type": "Feature", "geometry": {"type": "Point", "coordinates": [2.8383433, 50.6697264]}, "properties": {"osm_id": "1166956815", "ref": "25", "railway_position": "23.240", "railway_ref": "294000"}}, {"type": "Feature", "geometry": {"type": "Point", "coordinates": [2.3878804, 50.3673132]}, "properties": {"osm_id": "1167983625", "ref": "112", "railway_position": "226.020", "railway_ref": "307000"}}, {"type": "Feature", "geometry": {"type": "Point", "coordinates": [2.3574586, 50.3741867]}, "properties": {"osm_id": "1167983673", "ref": "114", "railway_position": "228.429", "railway_ref": "307000"}}, {"type": "Feature", "geometry": {"type": "Point", "coordinates": [2.6555385, 50.5098974]}, "properties": {"osm_id": "1168123095", "ref": "101", "railway_position": "228.158", "railway_ref": "301000"}}, {"type": "Feature", "geometry": {"type": "Point", "coordinates": [2.660202, 50.5004942]}, "properties": {"osm_id": "1168127034", "ref": "100", "railway_position": "227.062", "railway_ref": "301000"}}, {"type": "Feature", "geometry": {"type": "Point", "coordinates": [2.5173518, 50.5051414]}, "properties": {"osm_id": "1168703676", "ref": "56", "railway_position": "50.874", "railway_ref": "289000"}}, {"type": "Feature", "geometry": {"type": "Point", "coordinates": [2.7682469, 50.6336089]}, "properties": {"osm_id": "1168890651", "ref": "38", "railway_position": "30.017", "railway_ref": "294000"}}, {"type": "Feature", "geometry": {"type": "Point", "coordinates": [2.7908584, 50.6531946]}, "properties": {"osm_id": "1168890705", "ref": "32", "railway_position": "27.261", "railway_ref": "294000"}}, {"type": "Feature", "geometry": {"type": "Point", "coordinates": [2.8032138, 50.6615747]}, "properties": {"osm_id": "1168890731", "ref": "30", "railway_position": "25.950", "railway_ref": "294000"}}, {"type": "Feature", "geometry": {"type": "Point", "coordinates": [2.8297437, 50.6659555]}, "properties": {"osm_id": "1168920746", "ref": "26", "railway_position": "23.979", "railway_ref": "294000"}}, {"type": "Feature", "geometry": {"type": "Point", "coordinates": [2.4745939, 50.5660951]}, "properties": {"osm_id": "1170267116", "ref": "112", "railway_position": "243.275", "railway_ref": "301000"}}, {"type": "Feature", "geometry": {"type": "Point", "coordinates": [2.4800543, 50.5602008]}, "properties": {"osm_id": "1170267165", "ref": "111", "railway_position": "242.511", "railway_ref": "301000"}}, {"type": "Feature", "geometry": {"type": "Point", "coordinates": [3.3440937, 49.8919273]}, "properties": {"osm_id": "1177604871", "ref": "71", "railway_position": "160.611", "railway_ref": "242000"}}, {"type": "Feature", "geometry": {"type": "Point", "coordinates": [1.8639476, 50.956603]}, "properties": {"osm_id": "1185670066", "ref": "163", "railway_position": "295.719", "railway_ref": "314611"}}, {"type": "Feature", "geometry": {"type": "Point", "coordinates": [2.7719323, 50.4342134]}, "properties": {"osm_id": "1186303757", "ref": "93", "railway_position": "215.533", "railway_ref": "301000"}}, {"type": "Feature", "geometry": {"type": "Point", "coordinates": [2.7936792, 50.437903]}, "properties": {"osm_id": "1186472946", "ref": "91", "railway_position": "213.937", "railway_ref": "301000"}}, {"type": "Feature", "geometry": {"type": "Point", "coordinates": [2.9188707, 50.4153428]}, "properties": {"osm_id": "1187018766", "ref": "94", "railway_position": "215.480", "railway_ref": "284000"}}, {"type": "Feature", "geometry": {"type": "Point", "coordinates": [2.9124562, 50.4153478]}, "properties": {"osm_id": "1187018792", "ref": "93", "railway_position": "215.021", "railway_ref": "284000"}}, {"type": "Feature", "geometry": {"type": "Point", "coordinates": [2.8319761, 50.3558456]}, "properties": {"osm_id": "1187091343", "ref": "86", "railway_position": "202.674", "railway_ref": "301000"}}, {"type": "Feature", "geometry": {"type": "Point", "coordinates": [2.9615946, 50.5914825]}, "properties": {"osm_id": "1187574990", "ref": "18", "railway_position": "13.281", "railway_ref": "289000"}}, {"type": "Feature", "geometry": {"type": "Point", "coordinates": [3.0706553, 50.3510478]}, "properties": {"osm_id": "1195786151", "ref": "100", "railway_position": "214.310", "railway_ref": "272000"}}, {"type": "Feature", "geometry": {"type": "Point", "coordinates": [2.7270502, 50.4513652]}, "properties": {"osm_id": "1198204759", "ref": "10", "railway_position": "0.126", "railway_ref": "288000"}}, {"type": "Feature", "geometry": {"type": "Point", "coordinates": [2.7267581, 50.4510098]}, "properties": {"osm_id": "1198204769", "ref": "95", "railway_position": "219.347", "railway_ref": "301000"}}, {"type": "Feature", "geometry": {"type": "Point", "coordinates": [2.7278636, 50.4553938]}, "properties": {"osm_id": "1198204783", "ref": "9", "railway_position": "0.612", "railway_ref": "288000"}}, {"type": "Feature", "geometry": {"type": "Point", "coordinates": [2.7209023, 50.2743551]}, "properties": {"osm_id": "1201517188", "ref": "84", "railway_position": "195.961", "railway_ref": "307000"}}, {"type": "Feature", "geometry": {"type": "Point", "coordinates": [2.1284076, 50.9785282]}, "properties": {"osm_id": "1202205207", "ref": "34", "railway_position": "23.333", "railway_ref": "304000"}}, {"type": "Feature", "geometry": {"type": "Point", "coordinates": [3.4731007, 49.8085208]}, "properties": {"osm_id": "1203031950", "ref": "34", "railway_position": "18.537", "railway_ref": "242626"}}, {"type": "Feature", "geometry": {"type": "Point", "coordinates": [3.4581098, 49.8002616]}, "properties": {"osm_id": "1203031965", "ref": "29", "railway_position": "17.084", "railway_ref": "242626"}}, {"type": "Feature", "geometry": {"type": "Point", "coordinates": [3.4737399, 49.8092923]}, "properties": {"osm_id": "1203032055", "ref": "36", "railway_position": "18.618", "railway_ref": "242626"}}, {"type": "Feature", "geometry": {"type": "Point", "coordinates": [3.4754179, 49.8114844]}, "properties": {"osm_id": "1203032173", "ref": "38", "railway_position": "18.890", "railway_ref": "242626"}}, {"type": "Feature", "geometry": {"type": "Point", "coordinates": [3.4719034, 49.8070607]}, "properties": {"osm_id": "1203032258", "ref": "33", "railway_position": "18.345", "railway_ref": "242626"}}, {"type": "Feature", "geometry": {"type": "Point", "coordinates": [3.9890048, 50.0980196]}, "properties": {"osm_id": "1204572879", "ref": "98", "railway_position": "98.808", "railway_ref": "267000"}}, {"type": "Feature", "geometry": {"type": "Point", "coordinates": [2.9213517, 50.5565351]}, "properties": {"osm_id": "1204691411", "ref": "24", "railway_position": "18.228", "railway_ref": "289000"}}, {"type": "Feature", "geometry": {"type": "Point", "coordinates": [2.9262227, 50.5663711]}, "properties": {"osm_id": "1204691470", "ref": "23", "railway_position": "17.082", "railway_ref": "289000"}}, {"type": "Feature", "geometry": {"type": "Point", "coordinates": [2.1216333, 50.9787734]}, "properties": {"osm_id": "1204819371", "ref": "35", "railway_position": "23.807", "railway_ref": "304000"}}, {"type": "Feature", "geometry": {"type": "Point", "coordinates": [2.7015407, 50.4604976]}, "properties": {"osm_id": "1206455564", "ref": "96", "railway_position": "221.422", "railway_ref": "301000"}}, {"type": "Feature", "geometry": {"type": "Point", "coordinates": [2.8563438, 50.4170395]}, "properties": {"osm_id": "1208609302", "ref": "", "railway_position": "", "railway_ref": "284306"}}, {"type": "Feature", "geometry": {"type": "Point", "coordinates": [3.2265823, 50.4903686]}, "properties": {"osm_id": "1217741409", "ref": "25", "railway_position": "19.910", "railway_ref": "267000"}}, {"type": "Feature", "geometry": {"type": "Point", "coordinates": [3.1588289, 50.5491317]}, "properties": {"osm_id": "1218665063", "ref": "12", "railway_position": "11.734", "railway_ref": "267000"}}, {"type": "Feature", "geometry": {"type": "Point", "coordinates": [3.1647652, 50.5410265]}, "properties": {"osm_id": "1218674597", "ref": "14", "railway_position": "12.720", "railway_ref": "267000"}}, {"type": "Feature", "geometry": {"type": "Point", "coordinates": [3.1798137, 50.5252807]}, "properties": {"osm_id": "1218743704", "ref": "18", "railway_position": "14.789", "railway_ref": "267000"}}, {"type": "Feature", "geometry": {"type": "Point", "coordinates": [3.1834834, 50.5220031]}, "properties": {"osm_id": "1218756807", "ref": "19", "railway_position": "15.226", "railway_ref": "267000"}}, {"type": "Feature", "geometry": {"type": "Point", "coordinates": [2.758722, 50.277931]}, "properties": {"osm_id": "1221413758", "ref": "81", "railway_position": "192.946", "railway_ref": "307000"}}, {"type": "Feature", "geometry": {"type": "Point", "coordinates": [2.855514, 50.4216537]}, "properties": {"osm_id": "1223078792", "ref": "91", "railway_position": "211.352", "railway_ref": "286000"}}, {"type": "Feature", "geometry": {"type": "Point", "coordinates": [3.9721535, 49.6953604]}, "properties": {"osm_id": "1226097198", "ref": "102", "railway_position": "170.165", "railway_ref": "228000"}}, {"type": "Feature", "geometry": {"type": "Point", "coordinates": [3.6807963, 49.6926922]}, "properties": {"osm_id": "1227173658", "ref": "85", "railway_position": "155.078", "railway_ref": "229000"}}, {"type": "Feature", "geometry": {"type": "Point", "coordinates": [1.8266763, 50.9231056]}, "properties": {"osm_id": "1228041813", "ref": "", "railway_position": "", "railway_ref": "314000"}}, {"type": "Feature", "geometry": {"type": "Point", "coordinates": [2.6623783, 50.5248644]}, "properties": {"osm_id": "1229840736", "ref": "39", "railway_position": "38.844", "railway_ref": "289000"}}, {"type": "Feature", "geometry": {"type": "Point", "coordinates": [3.0114547, 50.4430509]}, "properties": {"osm_id": "1231152872", "ref": "102", "railway_position": "223.009", "railway_ref": "284000"}}, {"type": "Feature", "geometry": {"type": "Point", "coordinates": [2.4125196, 50.854659]}, "properties": {"osm_id": "1232643391", "ref": "153", "railway_position": "283.524", "railway_ref": "301000"}}, {"type": "Feature", "geometry": {"type": "Point", "coordinates": [2.4108309, 50.8438992]}, "properties": {"osm_id": "1232651382", "ref": "152", "railway_position": "282.326", "railway_ref": "301000"}}, {"type": "Feature", "geometry": {"type": "Point", "coordinates": [2.4116648, 50.8991748]}, "properties": {"osm_id": "1233762450", "ref": "157", "railway_position": "288.479", "railway_ref": "301000"}}, {"type": "Feature", "geometry": {"type": "Point", "coordinates": [2.4135151, 50.9420148]}, "properties": {"osm_id": "1233809372", "ref": "160", "railway_position": "293.276", "railway_ref": "301000"}}, {"type": "Feature", "geometry": {"type": "Point", "coordinates": [3.3013312, 49.8314203]}, "properties": {"osm_id": "1233834734", "ref": "3", "railway_position": "1.575", "railway_ref": "242626"}}, {"type": "Feature", "geometry": {"type": "Point", "coordinates": [3.0199527, 50.4530365]}, "properties": {"osm_id": "1236638972", "ref": "124", "railway_position": "228.187", "railway_ref": "272000"}}, {"type": "Feature", "geometry": {"type": "Point", "coordinates": [3.0589259, 50.4280032]}, "properties": {"osm_id": "1239231161", "ref": "120", "railway_position": "224.290", "railway_ref": "272000"}}, {"type": "Feature", "geometry": {"type": "Point", "coordinates": [3.0414128, 50.4393096]}, "properties": {"osm_id": "1239379843", "ref": "122", "railway_position": "226.041", "railway_ref": "272000"}}, {"type": "Feature", "geometry": {"type": "Point", "coordinates": [3.056501, 50.4295617]}, "properties": {"osm_id": "1240021581", "ref": "121", "railway_position": "224.534", "railway_ref": "272000"}}, {"type": "Feature", "geometry": {"type": "Point", "coordinates": [2.2244434, 51.0036492]}, "properties": {"osm_id": "1240235065", "ref": "34", "railway_position": "", "railway_ref": "302511"}}, {"type": "Feature", "geometry": {"type": "Point", "coordinates": [2.1666731, 50.9614847]}, "properties": {"osm_id": "1242059891", "ref": "28", "railway_position": "19.987", "railway_ref": "304000"}}, {"type": "Feature", "geometry": {"type": "Point", "coordinates": [2.1603702, 50.9645507]}, "properties": {"osm_id": "1242059914", "ref": "29", "railway_position": "20.589", "railway_ref": "304000"}}, {"type": "Feature", "geometry": {"type": "Point", "coordinates": [2.851722, 50.2907909]}, "properties": {"osm_id": "1243269214", "ref": "86", "railway_position": "197.358", "railway_ref": "272000"}}, {"type": "Feature", "geometry": {"type": "Point", "coordinates": [1.9626117, 50.9447696]}, "properties": {"osm_id": "1245252548", "ref": "53", "railway_position": "35.736", "railway_ref": "304000"}}, {"type": "Feature", "geometry": {"type": "Point", "coordinates": [1.9702355, 50.9466637]}, "properties": {"osm_id": "1245252608", "ref": "51", "railway_position": "35.123", "railway_ref": "304000"}}, {"type": "Feature", "geometry": {"type": "Point", "coordinates": [1.9901454, 50.9481136]}, "properties": {"osm_id": "1245285928", "ref": "50", "railway_position": "33.744", "railway_ref": "304000"}}, {"type": "Feature", "geometry": {"type": "Point", "coordinates": [1.9521997, 50.945486]}, "properties": {"osm_id": "1245323493", "ref": "56", "railway_position": "36.487", "railway_ref": "304000"}}, {"type": "Feature", "geometry": {"type": "Point", "coordinates": [2.8405978, 50.2928492]}, "properties": {"osm_id": "1245976756", "ref": "84", "railway_position": "196.527", "railway_ref": "272000"}}, {"type": "Feature", "geometry": {"type": "Point", "coordinates": [1.9118544, 50.9458671]}, "properties": {"osm_id": "1246526468", "ref": "61", "railway_position": "39.328", "railway_ref": "304000"}}, {"type": "Feature", "geometry": {"type": "Point", "coordinates": [1.9223426, 50.9457689]}, "properties": {"osm_id": "1246526551", "ref": "60", "railway_position": "38.590", "railway_ref": "304000"}}, {"type": "Feature", "geometry": {"type": "Point", "coordinates": [2.0434137, 50.9596322]}, "properties": {"osm_id": "1247163762", "ref": "44", "railway_position": "29.745", "railway_ref": "304000"}}, {"type": "Feature", "geometry": {"type": "Point", "coordinates": [2.0465771, 50.960599]}, "properties": {"osm_id": "1247164325", "ref": "43", "railway_position": "29.499", "railway_ref": "304000"}}, {"type": "Feature", "geometry": {"type": "Point", "coordinates": [2.0623324, 50.9653042]}, "properties": {"osm_id": "1247164815", "ref": "41", "railway_position": "28.282", "railway_ref": "304000"}}, {"type": "Feature", "geometry": {"type": "Point", "coordinates": [2.0602632, 50.9647364]}, "properties": {"osm_id": "1247165523", "ref": "42", "railway_position": "28.434", "railway_ref": "304000"}}, {"type": "Feature", "geometry": {"type": "Point", "coordinates": [2.8942928, 50.3034245]}, "properties": {"osm_id": "1249703659", "ref": "88", "railway_position": "200.716", "railway_ref": "272000"}}, {"type": "Feature", "geometry": {"type": "Point", "coordinates": [2.9035999, 50.3059898]}, "properties": {"osm_id": "1249703670", "ref": "89", "railway_position": "201.430", "railway_ref": "272000"}}, {"type": "Feature", "geometry": {"type": "Point", "coordinates": [2.001213, 50.8859164]}, "properties": {"osm_id": "1250995717", "ref": "75bis", "railway_position": "92.303", "railway_ref": "295000"}}, {"type": "Feature", "geometry": {"type": "Point", "coordinates": [1.9847993, 50.8881546]}, "properties": {"osm_id": "1251023786", "ref": "76", "railway_position": "93.483", "railway_ref": "295000"}}, {"type": "Feature", "geometry": {"type": "Point", "coordinates": [1.9553186, 50.8970005]}, "properties": {"osm_id": "1251236131", "ref": "79", "railway_position": "95.780", "railway_ref": "295000"}}, {"type": "Feature", "geometry": {"type": "Point", "coordinates": [3.0400118, 50.3428854]}, "properties": {"osm_id": "2340214142", "ref": "99", "railway_position": "211.951", "railway_ref": "272000"}}, {"type": "Feature", "geometry": {"type": "Point", "coordinates": [3.3539161, 49.6572081]}, "properties": {"osm_id": "1260292569", "ref": "52", "railway_position": "83.878", "railway_ref": "261000"}}, {"type": "Feature", "geometry": {"type": "Point", "coordinates": [1.8031845, 50.8739521]}, "properties": {"osm_id": "1260551313", "ref": "155", "railway_position": "283.510", "railway_ref": "314000"}}, {"type": "Feature", "geometry": {"type": "Point", "coordinates": [3.1571333, 50.2648843]}, "properties": {"osm_id": "1269787203", "ref": "172", "railway_position": "208.390", "railway_ref": "259000"}}, {"type": "Feature", "geometry": {"type": "Point", "coordinates": [2.1118584, 50.8703511]}, "properties": {"osm_id": "1270235801", "ref": "68", "railway_position": "84.424", "railway_ref": "295000"}}, {"type": "Feature", "geometry": {"type": "Point", "coordinates": [2.1304711, 50.8676557]}, "properties": {"osm_id": "1270242516", "ref": "67bis", "railway_position": "83.083", "railway_ref": "295000"}}, {"type": "Feature", "geometry": {"type": "Point", "coordinates": [2.4042118, 50.816158]}, "properties": {"osm_id": "1270263158", "ref": "150", "railway_position": "279.204", "railway_ref": "301000"}}, {"type": "Feature", "geometry": {"type": "Point", "coordinates": [2.1681961, 50.8577708]}, "properties": {"osm_id": "1271422116", "ref": "64", "railway_position": "80.178", "railway_ref": "295000"}}, {"type": "Feature", "geometry": {"type": "Point", "coordinates": [2.1450809, 50.8654655]}, "properties": {"osm_id": "1271447747", "ref": "66", "railway_position": "82.021", "railway_ref": "295000"}}, {"type": "Feature", "geometry": {"type": "Point", "coordinates": [2.3267067, 50.7414516]}, "properties": {"osm_id": "1274766335", "ref": "57", "railway_position": "61.907", "railway_ref": "295000"}}, {"type": "Feature", "geometry": {"type": "Point", "coordinates": [2.3632571, 50.73234]}, "properties": {"osm_id": "1274766615", "ref": "54", "railway_position": "59.028", "railway_ref": "295000"}}, {"type": "Feature", "geometry": {"type": "Point", "coordinates": [2.3840433, 50.7315615]}, "properties": {"osm_id": "1274766780", "ref": "52", "railway_position": "57.559", "railway_ref": "295000"}}, {"type": "Feature", "geometry": {"type": "Point", "coordinates": [2.4089643, 50.8054743]}, "properties": {"osm_id": "1275605711", "ref": "148", "railway_position": "277.946", "railway_ref": "301000"}}, {"type": "Feature", "geometry": {"type": "Point", "coordinates": [2.657045, 50.5190208]}, "properties": {"osm_id": "1277709910", "ref": "41", "railway_position": "39.611", "railway_ref": "289000"}}, {"type": "Feature", "geometry": {"type": "Point", "coordinates": [3.3670688, 49.8976758]}, "properties": {"osm_id": "1279677811", "ref": "72", "railway_position": "162.380", "railway_ref": "242000"}}, {"type": "Feature", "geometry": {"type": "Point", "coordinates": [3.0515534, 50.5791317]}, "properties": {"osm_id": "1280237203", "ref": "139", "railway_position": "242.956", "railway_ref": "272000"}}, {"type": "Feature", "geometry": {"type": "Point", "coordinates": [2.1718782, 50.7065542]}, "properties": {"osm_id": "1282667867", "ref": "76", "railway_position": "77.216", "railway_ref": "310000"}}, {"type": "Feature", "geometry": {"type": "Point", "coordinates": [2.6987889, 50.3059318]}, "properties": {"osm_id": "1290037623", "ref": "86", "railway_position": "200.067", "railway_ref": "307000"}}, {"type": "Feature", "geometry": {"type": "Point", "coordinates": [3.0060533, 50.4687323]}, "properties": {"osm_id": "1294634661", "ref": "126", "railway_position": "230.254", "railway_ref": "272000"}}, {"type": "Feature", "geometry": {"type": "Point", "coordinates": [3.0129988, 50.457579]}, "properties": {"osm_id": "1298163228", "ref": "125", "railway_position": "228.896", "railway_ref": "272000"}}, {"type": "Feature", "geometry": {"type": "Point", "coordinates": [3.4526188, 49.7949559]}, "properties": {"osm_id": "1299972747", "ref": "26", "railway_position": "16.373", "railway_ref": "242626"}}, {"type": "Feature", "geometry": {"type": "Point", "coordinates": [3.4486816, 49.7908813]}, "properties": {"osm_id": "1299998122", "ref": "23", "railway_position": "15.834", "railway_ref": "242626"}}, {"type": "Feature", "geometry": {"type": "Point", "coordinates": [3.411511, 49.7772992]}, "properties": {"osm_id": "1300004437", "ref": "18", "railway_position": "12.651", "railway_ref": "242626"}}, {"type": "Feature", "geometry": {"type": "Point", "coordinates": [2.9258371, 50.6741709]}, "properties": {"osm_id": "1301767647", "ref": "15", "railway_position": "16.636", "railway_ref": "295000"}}, {"type": "Feature", "geometry": {"type": "Point", "coordinates": [3.1943676, 50.5123724]}, "properties": {"osm_id": "1304767545", "ref": "21", "railway_position": "16.545", "railway_ref": "267000"}}, {"type": "Feature", "geometry": {"type": "Point", "coordinates": [3.171781, 50.5323434]}, "properties": {"osm_id": "1305102747", "ref": "16", "railway_position": "13.810", "railway_ref": "267000"}}, {"type": "Feature", "geometry": {"type": "Point", "coordinates": [3.6064225, 50.0950567]}, "properties": {"osm_id": "1306000262", "ref": "77", "railway_position": "194.777", "railway_ref": "242000"}}, {"type": "Feature", "geometry": {"type": "Point", "coordinates": [3.3398367, 50.4582525]}, "properties": {"osm_id": "1310778591", "ref": "36", "railway_position": "28.858", "railway_ref": "267000"}}, {"type": "Feature", "geometry": {"type": "Point", "coordinates": [2.8868039, 50.4802629]}, "properties": {"osm_id": "1312774703", "ref": "96", "railway_position": "218.569", "railway_ref": "286000"}}, {"type": "Feature", "geometry": {"type": "Point", "coordinates": [2.3765232, 51.0148033]}, "properties": {"osm_id": "1313136094", "ref": "166 bis", "railway_position": "302.984", "railway_ref": "301000"}}, {"type": "Feature", "geometry": {"type": "Point", "coordinates": [2.3801146, 51.0200809]}, "properties": {"osm_id": "1313307246", "ref": "174", "railway_position": "304.800", "railway_ref": "300000"}}, {"type": "Feature", "geometry": {"type": "Point", "coordinates": [2.7674073, 50.2260116]}, "properties": {"osm_id": "1326201396", "ref": "76", "railway_position": "184.832", "railway_ref": "272000"}}, {"type": "Feature", "geometry": {"type": "Point", "coordinates": [2.7683063, 50.2165833]}, "properties": {"osm_id": "1326223041", "ref": "75", "railway_position": "183.805", "railway_ref": "272000"}}, {"type": "Feature", "geometry": {"type": "Point", "coordinates": [3.3903542, 49.7790417]}, "properties": {"osm_id": "1326863788", "ref": "15", "railway_position": "10.991", "railway_ref": "242626"}}, {"type": "Feature", "geometry": {"type": "Point", "coordinates": [2.4024795, 50.3660865]}, "properties": {"osm_id": "1333289369", "ref": "111", "railway_position": "224.960", "railway_ref": "307000"}}, {"type": "Feature", "geometry": {"type": "Point", "coordinates": [2.4433353, 50.3645709]}, "properties": {"osm_id": "1333289665", "ref": "108", "railway_position": "222.025", "railway_ref": "307000"}}, {"type": "Feature", "geometry": {"type": "Point", "coordinates": [2.3708378, 50.3907727]}, "properties": {"osm_id": "1333300174", "ref": "67", "railway_position": "69.780", "railway_ref": "289000"}}, {"type": "Feature", "geometry": {"type": "Point", "coordinates": [2.396971, 50.4113411]}, "properties": {"osm_id": "1333953507", "ref": "66", "railway_position": "66.777", "railway_ref": "289000"}}, {"type": "Feature", "geometry": {"type": "Point", "coordinates": [2.669709, 50.3420999]}, "properties": {"osm_id": "1334299581", "ref": "90", "railway_position": "205.113", "railway_ref": "307000"}}, {"type": "Feature", "geometry": {"type": "Point", "coordinates": [2.9053459, 50.51826]}, "properties": {"osm_id": "1334477787", "ref": "102", "railway_position": "223.125", "railway_ref": "286000"}}, {"type": "Feature", "geometry": {"type": "Point", "coordinates": [2.4774092, 50.3591157]}, "properties": {"osm_id": "1334699946", "ref": "106", "railway_position": "219.493", "railway_ref": "307000"}}, {"type": "Feature", "geometry": {"type": "Point", "coordinates": [3.2399254, 49.6207057]}, "properties": {"osm_id": "1350624080", "ref": "58", "railway_position": "125.032", "railway_ref": "242000"}}, {"type": "Feature", "geometry": {"type": "Point", "coordinates": [2.5794495, 49.5711692]}, "properties": {"osm_id": "1356964739", "ref": "74", "railway_position": "106.370", "railway_ref": "232000"}}, {"type": "Feature", "geometry": {"type": "Point", "coordinates": [3.8582181, 49.5264136]}, "properties": {"osm_id": "1359270130", "ref": "8", "railway_position": "34.030", "railway_ref": "82000"}}, {"type": "Feature", "geometry": {"type": "Point", "coordinates": [2.6215655, 50.3479692]}, "properties": {"osm_id": "1360717651", "ref": "94", "railway_position": "208.717", "railway_ref": "307000"}}, {"type": "Feature", "geometry": {"type": "Point", "coordinates": [2.6130946, 50.3522854]}, "properties": {"osm_id": "1360730778", "ref": "96", "railway_position": "209.493", "railway_ref": "307000"}}, {"type": "Feature", "geometry": {"type": "Point", "coordinates": [2.5686005, 50.3550262]}, "properties": {"osm_id": "1362694390", "ref": "100", "railway_position": "212.816", "railway_ref": "307000"}}, {"type": "Feature", "geometry": {"type": "Point", "coordinates": [2.5630163, 50.354455]}, "properties": {"osm_id": "1362705141", "ref": "101", "railway_position": "213.207", "railway_ref": "307000"}}, {"type": "Feature", "geometry": {"type": "Point", "coordinates": [2.5764177, 50.3523478]}, "properties": {"osm_id": "1363580693", "ref": "99", "railway_position": "212.165", "railway_ref": "307000"}}, {"type": "Feature", "geometry": {"type": "Point", "coordinates": [2.9293945, 50.3131335]}, "properties": {"osm_id": "1371765345", "ref": "91", "railway_position": "203.416", "railway_ref": "272000"}}, {"type": "Feature", "geometry": {"type": "Point", "coordinates": [3.0495696, 50.5753007]}, "properties": {"osm_id": "1377110202", "ref": "138", "railway_position": "242.509", "railway_ref": "272000"}}, {"type": "Feature", "geometry": {"type": "Point", "coordinates": [2.0071268, 50.3772775]}, "properties": {"osm_id": "1382259401", "ref": "103", "railway_position": "103.213", "railway_ref": "308000"}}, {"type": "Feature", "geometry": {"type": "Point", "coordinates": [1.972274, 50.3938213]}, "properties": {"osm_id": "1382276796", "ref": "107", "railway_position": "106.387", "railway_ref": "308000"}}, {"type": "Feature", "geometry": {"type": "Point", "coordinates": [1.9319601, 50.4076802]}, "properties": {"osm_id": "1382284667", "ref": "111", "railway_position": "109.654", "railway_ref": "308000"}}, {"type": "Feature", "geometry": {"type": "Point", "coordinates": [1.8464995, 50.4396206]}, "properties": {"osm_id": "1382295831", "ref": "120", "railway_position": "116.737", "railway_ref": "308000"}}, {"type": "Feature", "geometry": {"type": "Point", "coordinates": [3.7207924, 49.7262811]}, "properties": {"osm_id": "1388996677", "ref": "88", "railway_position": "159.810", "railway_ref": "229000"}}, {"type": "Feature", "geometry": {"type": "Point", "coordinates": [3.7419353, 49.734598]}, "properties": {"osm_id": "1388996722", "ref": "89", "railway_position": "161.592", "railway_ref": "229000"}}, {"type": "Feature", "geometry": {"type": "Point", "coordinates": [2.7730563, 50.1197118]}, "properties": {"osm_id": "1408120864", "ref": "66", "railway_position": "172.449", "railway_ref": "272000"}}, {"type": "Feature", "geometry": {"type": "Point", "coordinates": [3.7743334, 49.5563567]}, "properties": {"osm_id": "1411492239", "ref": "14", "railway_position": "41.094", "railway_ref": "82000"}}, {"type": "Feature", "geometry": {"type": "Point", "coordinates": [1.9777894, 49.5551199]}, "properties": {"osm_id": "1428144385", "ref": "77", "railway_position": "97.575", "railway_ref": "325000"}}, {"type": "Feature", "geometry": {"type": "Point", "coordinates": [1.9641311, 49.5651305]}, "properties": {"osm_id": "1428144682", "ref": "79", "railway_position": "99.119", "railway_ref": "325000"}}, {"type": "Feature", "geometry": {"type": "Point", "coordinates": [1.848444, 49.6542811]}, "properties": {"osm_id": "1430356238", "ref": "97", "railway_position": "118.416", "railway_ref": "325000"}}, {"type": "Feature", "geometry": {"type": "Point", "coordinates": [2.2182817, 50.9691852]}, "properties": {"osm_id": "1430883065", "ref": "19", "railway_position": "15.023", "railway_ref": "304000"}}, {"type": "Feature", "geometry": {"type": "Point", "coordinates": [1.9579833, 49.5961009]}, "properties": {"osm_id": "1434228580", "ref": "83", "railway_position": "103.093", "railway_ref": "325000"}}, {"type": "Feature", "geometry": {"type": "Point", "coordinates": [3.3412463, 49.804067]}, "properties": {"osm_id": "1440839746", "ref": "10", "railway_position": "5.911", "railway_ref": "242626"}}, {"type": "Feature", "geometry": {"type": "Point", "coordinates": [3.3813953, 50.3832018]}, "properties": {"osm_id": "1443472161", "ref": "137", "railway_position": "237.404", "railway_ref": "262000"}}, {"type": "Feature", "geometry": {"type": "Point", "coordinates": [3.301098, 50.3607948]}, "properties": {"osm_id": "1443499160", "ref": "124", "railway_position": "231.110", "railway_ref": "262000"}}, {"type": "Feature", "geometry": {"type": "Point", "coordinates": [3.3002639, 50.3604253]}, "properties": {"osm_id": "1443499165", "ref": "123", "railway_position": "231.050", "railway_ref": "262000"}}, {"type": "Feature", "geometry": {"type": "Point", "coordinates": [3.2362702, 50.3558224]}, "properties": {"osm_id": "1444664701", "ref": "115", "railway_position": "226.368", "railway_ref": "262000"}}, {"type": "Feature", "geometry": {"type": "Point", "coordinates": [3.236015, 50.3557604]}, "properties": {"osm_id": "1444664732", "ref": "115", "railway_position": "226.368", "railway_ref": "262000"}}, {"type": "Feature", "geometry": {"type": "Point", "coordinates": [2.962213, 49.7578573]}, "properties": {"osm_id": "1451971392", "ref": "33", "railway_position": "50.807", "railway_ref": "261000"}}, {"type": "Feature", "geometry": {"type": "Point", "coordinates": [3.6777719, 49.5771553]}, "properties": {"osm_id": "1454471873", "ref": "79", "railway_position": "143.967", "railway_ref": "228000"}}, {"type": "Feature", "geometry": {"type": "Point", "coordinates": [1.6178841, 50.6866845]}, "properties": {"osm_id": "1455143379", "ref": "140", "railway_position": "249.112", "railway_ref": "311000"}}, {"type": "Feature", "geometry": {"type": "Point", "coordinates": [3.3178924, 49.8244584]}, "properties": {"osm_id": "1457099332", "ref": "5", "railway_position": "2.997", "railway_ref": "242626"}}, {"type": "Feature", "geometry": {"type": "Point", "coordinates": [3.3571871, 49.7903647]}, "properties": {"osm_id": "1465670944", "ref": "13", "railway_position": "8.099", "railway_ref": "242626"}}, {"type": "Feature", "geometry": {"type": "Point", "coordinates": [3.3292637, 49.8159562]}, "properties": {"osm_id": "1465938040", "ref": "8", "railway_position": "4.259", "railway_ref": "242626"}}, {"type": "Feature", "geometry": {"type": "Point", "coordinates": [3.3268255, 49.8175663]}, "properties": {"osm_id": "1465938049", "ref": "7", "railway_position": "4.006", "railway_ref": "242626"}}, {"type": "Feature", "geometry": {"type": "Point", "coordinates": [3.4914382, 50.3900398]}, "properties": {"osm_id": "1474271931", "ref": "149", "railway_position": "245.281", "railway_ref": "262000"}}, {"type": "Feature", "geometry": {"type": "Point", "coordinates": [3.3269166, 50.2438855]}, "properties": {"osm_id": "1479205421", "ref": "81", "railway_position": "215.904", "railway_ref": "250000"}}, {"type": "Feature", "geometry": {"type": "Point", "coordinates": [3.5765654, 49.5437513]}, "properties": {"osm_id": "1483619227", "ref": "72", "railway_position": "134.587", "railway_ref": "229000"}}, {"type": "Feature", "geometry": {"type": "Point", "coordinates": [3.5959188, 49.5701316]}, "properties": {"osm_id": "1483619293", "ref": "74", "railway_position": "137.837", "railway_ref": "229000"}}, {"type": "Feature", "geometry": {"type": "Point", "coordinates": [2.3724571, 50.73201]}, "properties": {"osm_id": "1485142840", "ref": "53", "railway_position": "58.378", "railway_ref": "295000"}}, {"type": "Feature", "geometry": {"type": "Point", "coordinates": [2.5217184, 50.5443322]}, "properties": {"osm_id": "1492210964", "ref": "108", "railway_position": "238.934", "railway_ref": "301000"}}, {"type": "Feature", "geometry": {"type": "Point", "coordinates": [2.511422, 50.5458008]}, "properties": {"osm_id": "1492210977", "ref": "109", "railway_position": "239.681", "railway_ref": "301000"}}, {"type": "Feature", "geometry": {"type": "Point", "coordinates": [3.6545234, 49.5722449]}, "properties": {"osm_id": "1516318974", "ref": "76 bis", "railway_position": "142.198", "railway_ref": "228000"}}, {"type": "Feature", "geometry": {"type": "Point", "coordinates": [2.9444052, 50.3172665]}, "properties": {"osm_id": "1529684488", "ref": "92", "railway_position": "204.579", "railway_ref": "272000"}}, {"type": "Feature", "geometry": {"type": "Point", "coordinates": [2.3043703, 50.4061314]}, "properties": {"osm_id": "1531826589", "ref": "75", "railway_position": "76.937", "railway_ref": "308000"}}, {"type": "Feature", "geometry": {"type": "Point", "coordinates": [2.2874076, 50.427197]}, "properties": {"osm_id": "1531829771", "ref": "80", "railway_position": "79.200", "railway_ref": "308000"}}, {"type": "Feature", "geometry": {"type": "Point", "coordinates": [2.2083147, 50.4397989]}, "properties": {"osm_id": "1531831323", "ref": "90", "railway_position": "86.552", "railway_ref": "308000"}}, {"type": "Feature", "geometry": {"type": "Point", "coordinates": [2.2415596, 50.4498683]}, "properties": {"osm_id": "1531831504", "ref": "87", "railway_position": "83.889", "railway_ref": "308000"}}, {"type": "Feature", "geometry": {"type": "Point", "coordinates": [2.4711292, 49.7812724]}, "properties": {"osm_id": "1533722874", "ref": "101", "railway_position": "133.604", "railway_ref": "232000"}}, {"type": "Feature", "geometry": {"type": "Point", "coordinates": [2.4608487, 49.7926516]}, "properties": {"osm_id": "1533722961", "ref": "103", "railway_position": "135.065", "railway_ref": "232000"}}, {"type": "Feature", "geometry": {"type": "Point", "coordinates": [2.4799035, 49.7716835]}, "properties": {"osm_id": "1533731222", "ref": "100", "railway_position": "132.395", "railway_ref": "232000"}}, {"type": "Feature", "geometry": {"type": "Point", "coordinates": [2.2747164, 50.4375402]}, "properties": {"osm_id": "1533965700", "ref": "83", "railway_position": "81.092", "railway_ref": "308000"}}, {"type": "Feature", "geometry": {"type": "Point", "coordinates": [2.6436101, 49.4365131]}, "properties": {"osm_id": "1538654260", "ref": "79", "railway_position": "90.089", "railway_ref": "232000"}}, {"type": "Feature", "geometry": {"type": "Point", "coordinates": [3.0158277, 50.3368679]}, "properties": {"osm_id": "1550079413", "ref": "96", "railway_position": "210.104", "railway_ref": "272000"}}, {"type": "Feature", "geometry": {"type": "Point", "coordinates": [3.1645594, 50.7022531]}, "properties": {"osm_id": "1550959799", "ref": "7", "railway_position": "10.602", "railway_ref": "278000"}}, {"type": "Feature", "geometry": {"type": "Point", "coordinates": [2.838342, 50.5418391]}, "properties": {"osm_id": "1559882642", "ref": "31", "railway_position": "24.640", "railway_ref": "289000"}}, {"type": "Feature", "geometry": {"type": "Point", "coordinates": [1.7509509, 49.7901194]}, "properties": {"osm_id": "1565480867", "ref": "126", "railway_position": "139.038", "railway_ref": "325000"}}, {"type": "Feature", "geometry": {"type": "Point", "coordinates": [1.7529208, 49.7857289]}, "properties": {"osm_id": "1565563314", "ref": "125", "railway_position": "138.550", "railway_ref": "325000"}}, {"type": "Feature", "geometry": {"type": "Point", "coordinates": [1.7564259, 49.777617]}, "properties": {"osm_id": "1565618749", "ref": "123", "railway_position": "137.595", "railway_ref": "325000"}}, {"type": "Feature", "geometry": {"type": "Point", "coordinates": [1.7584205, 49.7708957]}, "properties": {"osm_id": "1565661970", "ref": "122", "railway_position": "136.850", "railway_ref": "325000"}}, {"type": "Feature", "geometry": {"type": "Point", "coordinates": [1.7168948, 49.8558949]}, "properties": {"osm_id": "1568986023", "ref": "141", "railway_position": "146.808", "railway_ref": "325000"}}, {"type": "Feature", "geometry": {"type": "Point", "coordinates": [1.7173587, 49.8501327]}, "properties": {"osm_id": "1569002091", "ref": "139", "railway_position": "146.176", "railway_ref": "325000"}}, {"type": "Feature", "geometry": {"type": "Point", "coordinates": [1.7220641, 49.8373563]}, "properties": {"osm_id": "1569036162", "ref": "137", "railway_position": "144.705", "railway_ref": "325000"}}, {"type": "Feature", "geometry": {"type": "Point", "coordinates": [1.7238458, 49.8335928]}, "properties": {"osm_id": "1569050665", "ref": "136", "railway_position": "144.268", "railway_ref": "325000"}}, {"type": "Feature", "geometry": {"type": "Point", "coordinates": [1.7103212, 49.8825209]}, "properties": {"osm_id": "1569333312", "ref": "146", "railway_position": "149.830", "railway_ref": "325000"}}, {"type": "Feature", "geometry": {"type": "Point", "coordinates": [1.7085201, 49.8854321]}, "properties": {"osm_id": "1569364061", "ref": "147", "railway_position": "150.218", "railway_ref": "325000"}}, {"type": "Feature", "geometry": {"type": "Point", "coordinates": [3.8847782, 49.8277307]}, "properties": {"osm_id": "1582617357", "ref": "102", "railway_position": "178.220", "railway_ref": "229000"}}, {"type": "Feature", "geometry": {"type": "Point", "coordinates": [2.6064486, 49.525937]}, "properties": {"osm_id": "1582984816", "ref": "68", "railway_position": "100.889", "railway_ref": "232000"}}, {"type": "Feature", "geometry": {"type": "Point", "coordinates": [2.6096829, 49.5206854]}, "properties": {"osm_id": "1582984959", "ref": "67", "railway_position": "100.253", "railway_ref": "232000"}}, {"type": "Feature", "geometry": {"type": "Point", "coordinates": [1.6604623, 50.3730483]}, "properties": {"osm_id": "1583826485", "ref": "117", "railway_position": "210.242", "railway_ref": "311000"}}, {"type": "Feature", "geometry": {"type": "Point", "coordinates": [1.6572473, 50.3480165]}, "properties": {"osm_id": "1583987650", "ref": "114", "railway_position": "207.429", "railway_ref": "311000"}}, {"type": "Feature", "geometry": {"type": "Point", "coordinates": [3.0004481, 50.6106683]}, "properties": {"osm_id": "1585476325", "ref": "13", "railway_position": "9.733", "railway_ref": "289000"}}, {"type": "Feature", "geometry": {"type": "Point", "coordinates": [3.6763811, 49.6829748]}, "properties": {"osm_id": "1586328595", "ref": "84", "railway_position": "153.941", "railway_ref": "229000"}}, {"type": "Feature", "geometry": {"type": "Point", "coordinates": [4.0021786, 50.2778077]}, "properties": {"osm_id": "1588228309", "ref": "98", "railway_position": "231.066", "railway_ref": "242000"}}, {"type": "Feature", "geometry": {"type": "Point", "coordinates": [4.156139, 49.8462779]}, "properties": {"osm_id": "1588833256", "ref": "7", "railway_position": "10.854", "railway_ref": "212000"}}, {"type": "Feature", "geometry": {"type": "Point", "coordinates": [3.4978935, 50.3900724]}, "properties": {"osm_id": "1592927887", "ref": "150", "railway_position": "245.741", "railway_ref": "262000"}}, {"type": "Feature", "geometry": {"type": "Point", "coordinates": [2.4593422, 50.3607757]}, "properties": {"osm_id": "1593158025", "ref": "107", "railway_position": "220.797", "railway_ref": "307000"}}, {"type": "Feature", "geometry": {"type": "Point", "coordinates": [4.0894717, 49.900823]}, "properties": {"osm_id": "1593204669", "ref": "2", "railway_position": "2.383", "railway_ref": "212000"}}, {"type": "Feature", "geometry": {"type": "Point", "coordinates": [3.0135934, 50.4949576]}, "properties": {"osm_id": "1598891729", "ref": "130", "railway_position": "233.211", "railway_ref": "272000"}}, {"type": "Feature", "geometry": {"type": "Point", "coordinates": [2.4177043, 50.4691118]}, "properties": {"osm_id": "1599290107", "ref": "61", "railway_position": "59.856", "railway_ref": "289000"}}, {"type": "Feature", "geometry": {"type": "Point", "coordinates": [3.6868723, 49.5645866]}, "properties": {"osm_id": "1600405425", "ref": "20", "railway_position": "47.485", "railway_ref": "82000"}}, {"type": "Feature", "geometry": {"type": "Point", "coordinates": [3.7329394, 49.56007]}, "properties": {"osm_id": "1603784930", "ref": "17", "railway_position": "44.115", "railway_ref": "82000"}}, {"type": "Feature", "geometry": {"type": "Point", "coordinates": [3.7125526, 49.5618253]}, "properties": {"osm_id": "1603894516", "ref": "18", "railway_position": "45.602", "railway_ref": "82000"}}, {"type": "Feature", "geometry": {"type": "Point", "coordinates": [3.8349575, 49.5404506]}, "properties": {"osm_id": "1605524512", "ref": "10", "railway_position": "36.362", "railway_ref": "82000"}}, {"type": "Feature", "geometry": {"type": "Point", "coordinates": [2.7839783, 50.1481781]}, "properties": {"osm_id": "1607809748", "ref": "67", "railway_position": "175.775", "railway_ref": "272000"}}, {"type": "Feature", "geometry": {"type": "Point", "coordinates": [3.1177847, 50.5910354]}, "properties": {"osm_id": "1608968513", "ref": "6", "railway_position": "6.219", "railway_ref": "267000"}}, {"type": "Feature", "geometry": {"type": "Point", "coordinates": [3.2240546, 50.1924457]}, "properties": {"osm_id": "1609314893", "ref": "159", "railway_position": "196.730", "railway_ref": "259000"}}, {"type": "Feature", "geometry": {"type": "Point", "coordinates": [3.2859559, 50.4696845]}, "properties": {"osm_id": "1622650321", "ref": "30", "railway_position": "24.831", "railway_ref": "267000"}}, {"type": "Feature", "geometry": {"type": "Point", "coordinates": [3.2667417, 50.4733274]}, "properties": {"osm_id": "1622650368", "ref": "29", "railway_position": "23.416", "railway_ref": "267000"}}, {"type": "Feature", "geometry": {"type": "Point", "coordinates": [3.2908146, 50.4686494]}, "properties": {"osm_id": "1622650710", "ref": "31", "railway_position": "25.192", "railway_ref": "267000"}}, {"type": "Feature", "geometry": {"type": "Point", "coordinates": [3.3117462, 50.464186]}, "properties": {"osm_id": "1622659205", "ref": "34", "railway_position": "26.762", "railway_ref": "267000"}}, {"type": "Feature", "geometry": {"type": "Point", "coordinates": [3.3069798, 50.4652009]}, "properties": {"osm_id": "1622671333", "ref": "33", "railway_position": "26.404", "railway_ref": "267000"}}, {"type": "Feature", "geometry": {"type": "Point", "coordinates": [3.3242001, 50.46153]}, "properties": {"osm_id": "1622685158", "ref": "35", "railway_position": "27.693", "railway_ref": "267000"}}, {"type": "Feature", "geometry": {"type": "Point", "coordinates": [3.2985526, 50.4669991]}, "properties": {"osm_id": "1622695686", "ref": "32", "railway_position": "25.772", "railway_ref": "267000"}}, {"type": "Feature", "geometry": {"type": "Point", "coordinates": [2.3516131, 50.3760199]}, "properties": {"osm_id": "1625392625", "ref": "115", "railway_position": "228.892", "railway_ref": "307000"}}, {"type": "Feature", "geometry": {"type": "Point", "coordinates": [3.2577003, 50.170905]}, "properties": {"osm_id": "1632408942", "ref": "78", "railway_position": "205.127", "railway_ref": "250000"}}, {"type": "Feature", "geometry": {"type": "Point", "coordinates": [1.9125915, 49.7522556]}, "properties": {"osm_id": "1639405577", "ref": "7", "railway_position": "37.381", "railway_ref": "321000"}}, {"type": "Feature", "geometry": {"type": "Point", "coordinates": [1.7787352, 49.6902416]}, "properties": {"osm_id": "1641592200", "ref": "14", "railway_position": "50.251", "railway_ref": "321000"}}, {"type": "Feature", "geometry": {"type": "Point", "coordinates": [1.7796904, 49.727554]}, "properties": {"osm_id": "1641592204", "ref": "113", "railway_position": "130.989", "railway_ref": "325000"}}, {"type": "Feature", "geometry": {"type": "Point", "coordinates": [1.7834503, 49.732566]}, "properties": {"osm_id": "1641592206", "ref": "114", "railway_position": "131.606", "railway_ref": "325000"}}, {"type": "Feature", "geometry": {"type": "Point", "coordinates": [1.7845676, 49.7357843]}, "properties": {"osm_id": "1641592209", "ref": "115", "railway_position": "131.979", "railway_ref": "325000"}}, {"type": "Feature", "geometry": {"type": "Point", "coordinates": [1.7727908, 49.6993313]}, "properties": {"osm_id": "1641650389", "ref": "110", "railway_position": "127.603", "railway_ref": "325000"}}, {"type": "Feature", "geometry": {"type": "Point", "coordinates": [1.7961583, 49.7097735]}, "properties": {"osm_id": "1641650469", "ref": "12", "railway_position": "47.736", "railway_ref": "321000"}}, {"type": "Feature", "geometry": {"type": "Point", "coordinates": [1.719023, 49.6523527]}, "properties": {"osm_id": "1642876242", "ref": "19", "railway_position": "56.361", "railway_ref": "321000"}}, {"type": "Feature", "geometry": {"type": "Point", "coordinates": [1.7236058, 49.6546745]}, "properties": {"osm_id": "1642876244", "ref": "18", "railway_position": "55.934", "railway_ref": "321000"}}, {"type": "Feature", "geometry": {"type": "Point", "coordinates": [1.7934934, 49.6671456]}, "properties": {"osm_id": "1643080370", "ref": "103", "railway_position": "122.733", "railway_ref": "325000"}}, {"type": "Feature", "geometry": {"type": "Point", "coordinates": [1.7776625, 49.6727712]}, "properties": {"osm_id": "1643080400", "ref": "104", "railway_position": "124.035", "railway_ref": "325000"}}, {"type": "Feature", "geometry": {"type": "Point", "coordinates": [1.7706571, 49.676441]}, "properties": {"osm_id": "1643080425", "ref": "105", "railway_position": "124.700", "railway_ref": "325000"}}, {"type": "Feature", "geometry": {"type": "Point", "coordinates": [1.7671329, 49.6775633]}, "properties": {"osm_id": "1643080436", "ref": "15", "railway_position": "51.896", "railway_ref": "321000"}}, {"type": "Feature", "geometry": {"type": "Point", "coordinates": [2.127988, 50.4031971]}, "properties": {"osm_id": "1643548831", "ref": "96", "railway_position": "93.751", "railway_ref": "308000"}}, {"type": "Feature", "geometry": {"type": "Point", "coordinates": [1.7723191, 49.747918]}, "properties": {"osm_id": "1646003577", "ref": "118", "railway_position": "133.606", "railway_ref": "325000"}}, {"type": "Feature", "geometry": {"type": "Point", "coordinates": [1.7546221, 49.7590682]}, "properties": {"osm_id": "1646003672", "ref": "121", "railway_position": "135.388", "railway_ref": "325000"}}, {"type": "Feature", "geometry": {"type": "Point", "coordinates": [1.7785784, 49.6889962]}, "properties": {"osm_id": "1646560866", "ref": "108bis", "railway_position": "0.480", "railway_ref": "325000"}}, {"type": "Feature", "geometry": {"type": "Point", "coordinates": [1.8819026, 49.6543524]}, "properties": {"osm_id": "1647215610", "ref": "95", "railway_position": "115.986", "railway_ref": "325000"}}, {"type": "Feature", "geometry": {"type": "Point", "coordinates": [1.8130586, 49.6601716]}, "properties": {"osm_id": "1647246661", "ref": "101", "railway_position": "121.129", "railway_ref": "325000"}}, {"type": "Feature", "geometry": {"type": "Point", "coordinates": [1.926226, 49.6577644]}, "properties": {"osm_id": "1647392854", "ref": "92", "railway_position": "112.727", "railway_ref": "325000"}}, {"type": "Feature", "geometry": {"type": "Point", "coordinates": [1.8979343, 49.6546234]}, "properties": {"osm_id": "1649144656", "ref": "94", "railway_position": "114.828", "railway_ref": "325000"}}, {"type": "Feature", "geometry": {"type": "Point", "coordinates": [1.8631921, 49.6540561]}, "properties": {"osm_id": "1651625141", "ref": "96", "railway_position": "117.340", "railway_ref": "325000"}}, {"type": "Feature", "geometry": {"type": "Point", "coordinates": [1.8320771, 49.654328]}, "properties": {"osm_id": "1651625148", "ref": "99", "railway_position": "119.597", "railway_ref": "325000"}}, {"type": "Feature", "geometry": {"type": "Point", "coordinates": [2.3996033, 50.4159495]}, "properties": {"osm_id": "1654128952", "ref": "65", "railway_position": "66.232", "railway_ref": "289000"}}, {"type": "Feature", "geometry": {"type": "Point", "coordinates": [2.2955416, 50.4178235]}, "properties": {"osm_id": "1654128954", "ref": "77", "railway_position": "78.418", "railway_ref": "308000"}}, {"type": "Feature", "geometry": {"type": "Point", "coordinates": [2.404039, 50.422552]}, "properties": {"osm_id": "1654128982", "ref": "64", "railway_position": "65.426", "railway_ref": "289000"}}, {"type": "Feature", "geometry": {"type": "Point", "coordinates": [2.4112102, 50.4274]}, "properties": {"osm_id": "1654128997", "ref": "63", "railway_position": "64.681", "railway_ref": "289000"}}, {"type": "Feature", "geometry": {"type": "Point", "coordinates": [2.2798791, 50.4341547]}, "properties": {"osm_id": "1654129018", "ref": "81", "railway_position": "80.564", "railway_ref": "308000"}}, {"type": "Feature", "geometry": {"type": "Point", "coordinates": [2.2684259, 50.4427259]}, "properties": {"osm_id": "1654129043", "ref": "84", "railway_position": "81.823", "railway_ref": "308000"}}, {"type": "Feature", "geometry": {"type": "Point", "coordinates": [2.2240367, 50.44659]}, "properties": {"osm_id": "1654129067", "ref": "89", "railway_position": "85.198", "railway_ref": "308000"}}, {"type": "Feature", "geometry": {"type": "Point", "coordinates": [2.465895, 50.5901053]}, "properties": {"osm_id": "1660506174", "ref": "114", "railway_position": "246.051", "railway_ref": "301000"}}, {"type": "Feature", "geometry": {"type": "Point", "coordinates": [3.219797, 50.1930841]}, "properties": {"osm_id": "1664724992", "ref": "160", "railway_position": "197.043", "railway_ref": "259000"}}, {"type": "Feature", "geometry": {"type": "Point", "coordinates": [1.7065558, 50.6485325]}, "properties": {"osm_id": "1665557117", "ref": "117", "railway_position": "114.221", "railway_ref": "310000"}}, {"type": "Feature", "geometry": {"type": "Point", "coordinates": [1.6553577, 50.3884573]}, "properties": {"osm_id": "1665932401", "ref": "119", "railway_position": "211.993", "railway_ref": "311000"}}, {"type": "Feature", "geometry": {"type": "Point", "coordinates": [1.6573603, 50.3807181]}, "properties": {"osm_id": "1665932402", "ref": "118", "railway_position": "211.121", "railway_ref": "311000"}}, {"type": "Feature", "geometry": {"type": "Point", "coordinates": [2.0678635, 50.3827984]}, "properties": {"osm_id": "1667216940", "ref": "100", "railway_position": "98.631", "railway_ref": "308000"}}, {"type": "Feature", "geometry": {"type": "Point", "coordinates": [1.9943199, 50.3823997]}, "properties": {"osm_id": "1667238602", "ref": "104", "railway_position": "104.294", "railway_ref": "308000"}}, {"type": "Feature", "geometry": {"type": "Point", "coordinates": [2.1668427, 50.4219693]}, "properties": {"osm_id": "1667405892", "ref": "93", "railway_position": "90.177", "railway_ref": "308000"}}, {"type": "Feature", "geometry": {"type": "Point", "coordinates": [2.1958459, 50.4352643]}, "properties": {"osm_id": "1671827460", "ref": "91", "railway_position": "87.591", "railway_ref": "308000"}}, {"type": "Feature", "geometry": {"type": "Point", "coordinates": [2.1476134, 50.4082548]}, "properties": {"osm_id": "1671827601", "ref": "95", "railway_position": "92.246", "railway_ref": "308000"}}, {"type": "Feature", "geometry": {"type": "Point", "coordinates": [2.3299403, 50.3808245]}, "properties": {"osm_id": "1673015802", "ref": "70", "railway_position": "73.531", "railway_ref": "308000"}}, {"type": "Feature", "geometry": {"type": "Point", "coordinates": [2.3512331, 50.3768088]}, "properties": {"osm_id": "1673015811", "ref": "68", "railway_position": "71.952", "railway_ref": "289000"}}, {"type": "Feature", "geometry": {"type": "Point", "coordinates": [2.5021502, 50.6747044]}, "properties": {"osm_id": "1683266881", "ref": "129", "railway_position": "256.447", "railway_ref": "301000"}}, {"type": "Feature", "geometry": {"type": "Point", "coordinates": [2.1888113, 50.7026808]}, "properties": {"osm_id": "1684819870", "ref": "74", "railway_position": "75.927", "railway_ref": "310000"}}, {"type": "Feature", "geometry": {"type": "Point", "coordinates": [2.1930819, 50.7029109]}, "properties": {"osm_id": "1684819937", "ref": "73", "railway_position": "75.624", "railway_ref": "310000"}}, {"type": "Feature", "geometry": {"type": "Point", "coordinates": [2.2571166, 50.7094985]}, "properties": {"osm_id": "1684820760", "ref": "68", "railway_position": "71.008", "railway_ref": "310000"}}, {"type": "Feature", "geometry": {"type": "Point", "coordinates": [3.5563098, 50.2815529]}, "properties": {"osm_id": "1690072729", "ref": "74", "railway_position": "58.660", "railway_ref": "267000"}}, {"type": "Feature", "geometry": {"type": "Point", "coordinates": [3.5332317, 50.2895739]}, "properties": {"osm_id": "1690072871", "ref": "73", "railway_position": "56.781", "railway_ref": "267000"}}, {"type": "Feature", "geometry": {"type": "Point", "coordinates": [3.4552424, 50.3151308]}, "properties": {"osm_id": "1690227178", "ref": "87bis", "railway_position": "234.901", "railway_ref": "254000"}}, {"type": "Feature", "geometry": {"type": "Point", "coordinates": [3.3792692, 49.7863398]}, "properties": {"osm_id": "1695205761", "ref": "14", "railway_position": "9.805", "railway_ref": "242626"}}, {"type": "Feature", "geometry": {"type": "Point", "coordinates": [3.1369618, 50.3593716]}, "properties": {"osm_id": "1698261279", "ref": "107", "railway_position": "219.233", "railway_ref": "262000"}}, {"type": "Feature", "geometry": {"type": "Point", "coordinates": [3.1683273, 50.3605959]}, "properties": {"osm_id": "1698261281", "ref": "109", "railway_position": "221.463", "railway_ref": "262000"}}, {"type": "Feature", "geometry": {"type": "Point", "coordinates": [3.963654, 49.6810998]}, "properties": {"osm_id": "1700002446", "ref": "101", "railway_position": "168.439", "railway_ref": "228000"}}, {"type": "Feature", "geometry": {"type": "Point", "coordinates": [1.6480281, 50.4631031]}, "properties": {"osm_id": "1708483352", "ref": "126", "railway_position": "220.316", "railway_ref": "311000"}}, {"type": "Feature", "geometry": {"type": "Point", "coordinates": [2.1718647, 50.9719204]}, "properties": {"osm_id": "1721552808", "ref": "", "railway_position": "", "railway_ref": "304300"}}, {"type": "Feature", "geometry": {"type": "Point", "coordinates": [1.9542049, 49.6490389]}, "properties": {"osm_id": "1729197787", "ref": "91", "railway_position": "110.028", "railway_ref": "325000"}}, {"type": "Feature", "geometry": {"type": "Point", "coordinates": [2.0039176, 49.7731584]}, "properties": {"osm_id": "1730143078", "ref": "6", "railway_position": "29.119", "railway_ref": "321000"}}, {"type": "Feature", "geometry": {"type": "Point", "coordinates": [1.7726055, 50.8164128]}, "properties": {"osm_id": "1739786605", "ref": "151", "railway_position": "273.236", "railway_ref": "314000"}}, {"type": "Feature", "geometry": {"type": "Point", "coordinates": [1.8118249, 50.8502009]}, "properties": {"osm_id": "1739786673", "ref": "154", "railway_position": "278.192", "railway_ref": "314000"}}, {"type": "Feature", "geometry": {"type": "Point", "coordinates": [2.2162509, 49.8415699]}, "properties": {"osm_id": "1740887237", "ref": "2", "railway_position": "10.069", "railway_ref": "321000"}}, {"type": "Feature", "geometry": {"type": "Point", "coordinates": [2.41036, 50.9277795]}, "properties": {"osm_id": "1745568224", "ref": "159", "railway_position": "291.659", "railway_ref": "301000"}}, {"type": "Feature", "geometry": {"type": "Point", "coordinates": [2.4707976, 50.73454]}, "properties": {"osm_id": "1746418071", "ref": "45", "railway_position": "51.286", "railway_ref": "295000"}}, {"type": "Feature", "geometry": {"type": "Point", "coordinates": [2.0223579, 50.954137]}, "properties": {"osm_id": "1746677457", "ref": "46", "railway_position": "31.308", "railway_ref": "304000"}}, {"type": "Feature", "geometry": {"type": "Point", "coordinates": [2.0499217, 49.4624646]}, "properties": {"osm_id": "1747725709", "ref": "64", "railway_position": "84.326", "railway_ref": "325000"}}, {"type": "Feature", "geometry": {"type": "Point", "coordinates": [2.0792287, 50.9698987]}, "properties": {"osm_id": "1748388643", "ref": "39", "railway_position": "26.984", "railway_ref": "304000"}}, {"type": "Feature", "geometry": {"type": "Point", "coordinates": [3.4677145, 50.4062788]}, "properties": {"osm_id": "1754040711", "ref": "50", "railway_position": "40.167", "railway_ref": "267000"}}, {"type": "Feature", "geometry": {"type": "Point", "coordinates": [2.6342694, 49.4517857]}, "properties": {"osm_id": "1760998442", "ref": "63", "railway_position": "91.958", "railway_ref": "232000"}}, {"type": "Feature", "geometry": {"type": "Point", "coordinates": [3.6007391, 49.5721961]}, "properties": {"osm_id": "1762944329", "ref": "76", "railway_position": "138.258", "railway_ref": "229000"}}, {"type": "Feature", "geometry": {"type": "Point", "coordinates": [3.6983649, 49.5823546]}, "properties": {"osm_id": "1769874028", "ref": "81", "railway_position": "145.560", "railway_ref": "228000"}}, {"type": "Feature", "geometry": {"type": "Point", "coordinates": [1.984735, 50.3846408]}, "properties": {"osm_id": "1772360890", "ref": "105", "railway_position": "105.016", "railway_ref": "308000"}}, {"type": "Feature", "geometry": {"type": "Point", "coordinates": [2.1605518, 50.4186183]}, "properties": {"osm_id": "1772725320", "ref": "94", "railway_position": "90.758", "railway_ref": "308000"}}, {"type": "Feature", "geometry": {"type": "Point", "coordinates": [2.6695185, 50.5332658]}, "properties": {"osm_id": "1773601561", "ref": "37", "railway_position": "37.780", "railway_ref": "289000"}}, {"type": "Feature", "geometry": {"type": "Point", "coordinates": [2.8000039, 49.8075959]}, "properties": {"osm_id": "1773911391", "ref": "19", "railway_position": "37.611", "railway_ref": "261000"}}, {"type": "Feature", "geometry": {"type": "Point", "coordinates": [4.0217663, 49.6977608]}, "properties": {"osm_id": "1773968651", "ref": "105", "railway_position": "174.014", "railway_ref": "228000"}}, {"type": "Feature", "geometry": {"type": "Point", "coordinates": [2.6889704, 49.4334483]}, "properties": {"osm_id": "1779030996", "ref": "83", "railway_position": "052.581", "railway_ref": "317000"}}, {"type": "Feature", "geometry": {"type": "Point", "coordinates": [2.0678966, 50.9668198]}, "properties": {"osm_id": "1780093844", "ref": "40", "railway_position": "27.847", "railway_ref": "304000"}}, {"type": "Feature", "geometry": {"type": "Point", "coordinates": [1.7804984, 50.8408875]}, "properties": {"osm_id": "1783368574", "ref": "3", "railway_position": "2.522", "railway_ref": "314606"}}, {"type": "Feature", "geometry": {"type": "Point", "coordinates": [1.7867651, 50.8413935]}, "properties": {"osm_id": "1783368630", "ref": "2", "railway_position": "2.073", "railway_ref": "314606"}}, {"type": "Feature", "geometry": {"type": "Point", "coordinates": [3.7092657, 49.5855755]}, "properties": {"osm_id": "1787661933", "ref": "82", "railway_position": "146.429", "railway_ref": "228000"}}, {"type": "Feature", "geometry": {"type": "Point", "coordinates": [2.3490938, 51.0100508]}, "properties": {"osm_id": "1789665869", "ref": "2", "railway_position": "3.890", "railway_ref": "304000"}}, {"type": "Feature", "geometry": {"type": "Point", "coordinates": [2.2818899, 49.9290043]}, "properties": {"osm_id": "1792938918", "ref": "5", "railway_position": "7.145", "railway_ref": "305000"}}, {"type": "Feature", "geometry": {"type": "Point", "coordinates": [1.7371333, 49.8079739]}, "properties": {"osm_id": "1799387439", "ref": "132", "railway_position": "141.282", "railway_ref": "325000"}}, {"type": "Feature", "geometry": {"type": "Point", "coordinates": [1.7137182, 49.8672707]}, "properties": {"osm_id": "1799455637", "ref": "143", "railway_position": "148.104", "railway_ref": "325000"}}, {"type": "Feature", "geometry": {"type": "Point", "coordinates": [3.2608898, 50.3454048]}, "properties": {"osm_id": "1809330161", "ref": "42", "railway_position": "221.430", "railway_ref": "258000"}}, {"type": "Feature", "geometry": {"type": "Point", "coordinates": [2.6990171, 50.3215208]}, "properties": {"osm_id": "1813515159", "ref": "88", "railway_position": "201.828", "railway_ref": "307000"}}, {"type": "Feature", "geometry": {"type": "Point", "coordinates": [1.9508062, 50.402401]}, "properties": {"osm_id": "1814847801", "ref": "109", "railway_position": "108.191", "railway_ref": "308000"}}, {"type": "Feature", "geometry": {"type": "Point", "coordinates": [1.9571691, 50.4002455]}, "properties": {"osm_id": "1814847920", "ref": "108", "railway_position": "107.683", "railway_ref": "308000"}}, {"type": "Feature", "geometry": {"type": "Point", "coordinates": [2.017939, 50.3761185]}, "properties": {"osm_id": "1814860387", "ref": "102", "railway_position": "102.413", "railway_ref": "308000"}}, {"type": "Feature", "geometry": {"type": "Point", "coordinates": [1.9032081, 50.4198617]}, "properties": {"osm_id": "1814874154", "ref": "114", "railway_position": "112.147", "railway_ref": "308000"}}, {"type": "Feature", "geometry": {"type": "Point", "coordinates": [1.9098293, 50.4156265]}, "properties": {"osm_id": "1814874245", "ref": "113", "railway_position": "111.470", "railway_ref": "308000"}}, {"type": "Feature", "geometry": {"type": "Point", "coordinates": [1.8020331, 50.4550571]}, "properties": {"osm_id": "1814887184", "ref": "123", "railway_position": "120.449", "railway_ref": "308000"}}, {"type": "Feature", "geometry": {"type": "Point", "coordinates": [1.7982568, 50.457128]}, "properties": {"osm_id": "1814887211", "ref": "124", "railway_position": "120.803", "railway_ref": "308000"}}, {"type": "Feature", "geometry": {"type": "Point", "coordinates": [3.5132662, 49.6250753]}, "properties": {"osm_id": "1817368313", "ref": "55", "railway_position": "96.866", "railway_ref": "261000"}}, {"type": "Feature", "geometry": {"type": "Point", "coordinates": [1.6682077, 50.6604763]}, "properties": {"osm_id": "1822584645", "ref": "135", "railway_position": "244.464", "railway_ref": "311000"}}, {"type": "Feature", "geometry": {"type": "Point", "coordinates": [2.4300079, 50.4801809]}, "properties": {"osm_id": "1825630938", "ref": "60", "railway_position": "58.268", "railway_ref": "289000"}}, {"type": "Feature", "geometry": {"type": "Point", "coordinates": [2.7388439, 50.4694197]}, "properties": {"osm_id": "1825709616", "ref": "", "railway_position": "2.359", "railway_ref": "288000"}}, {"type": "Feature", "geometry": {"type": "Point", "coordinates": [2.7477682, 50.5219569]}, "properties": {"osm_id": "1826549082", "ref": "35", "railway_position": "31.841", "railway_ref": "289000"}}, {"type": "Feature", "geometry": {"type": "Point", "coordinates": [2.9046024, 50.5476575]}, "properties": {"osm_id": "1826634604", "ref": "26", "railway_position": "19.796", "railway_ref": "289000"}}, {"type": "Feature", "geometry": {"type": "Point", "coordinates": [3.6663257, 49.5747547]}, "properties": {"osm_id": "1828462620", "ref": "78", "railway_position": "143.097", "railway_ref": "228000"}}, {"type": "Feature", "geometry": {"type": "Point", "coordinates": [2.9121876, 49.7634287]}, "properties": {"osm_id": "1829498282", "ref": "29", "railway_position": "47.127", "railway_ref": "261000"}}, {"type": "Feature", "geometry": {"type": "Point", "coordinates": [2.9190011, 49.7629791]}, "properties": {"osm_id": "1829498320", "ref": "30", "railway_position": "47.616", "railway_ref": "261000"}}, {"type": "Feature", "geometry": {"type": "Point", "coordinates": [3.2211217, 50.3583885]}, "properties": {"osm_id": "1832652030", "ref": "114", "railway_position": "225.248", "railway_ref": "262000"}}, {"type": "Feature", "geometry": {"type": "Point", "coordinates": [3.7312043, 49.5920531]}, "properties": {"osm_id": "1855830978", "ref": "83", "railway_position": "148.171", "railway_ref": "228000"}}, {"type": "Feature", "geometry": {"type": "Point", "coordinates": [3.736722, 49.5936817]}, "properties": {"osm_id": "1855830980", "ref": "84", "railway_position": "148.609", "railway_ref": "228000"}}, {"type": "Feature", "geometry": {"type": "Point", "coordinates": [3.7724622, 49.6040317]}, "properties": {"osm_id": "1855830985", "ref": "86", "railway_position": "151.436", "railway_ref": "228000"}}, {"type": "Feature", "geometry": {"type": "Point", "coordinates": [3.8028154, 49.6131514]}, "properties": {"osm_id": "1855830994", "ref": "89", "railway_position": "153.865", "railway_ref": "228000"}}, {"type": "Feature", "geometry": {"type": "Point", "coordinates": [3.8083574, 49.615278]}, "properties": {"osm_id": "1855830996", "ref": "90", "railway_position": "154.327", "railway_ref": "228000"}}, {"type": "Feature", "geometry": {"type": "Point", "coordinates": [3.8191381, 49.6215266]}, "properties": {"osm_id": "1855831001", "ref": "91", "railway_position": "155.379", "railway_ref": "228000"}}, {"type": "Feature", "geometry": {"type": "Point", "coordinates": [3.8272118, 49.6272268]}, "properties": {"osm_id": "1855831007", "ref": "93", "railway_position": "156.240", "railway_ref": "228000"}}, {"type": "Feature", "geometry": {"type": "Point", "coordinates": [3.8344104, 49.6323095]}, "properties": {"osm_id": "1855831010", "ref": "94", "railway_position": "157.008", "railway_ref": "228000"}}, {"type": "Feature", "geometry": {"type": "Point", "coordinates": [3.8568131, 49.6445214]}, "properties": {"osm_id": "1855831016", "ref": "96", "railway_position": "159.146", "railway_ref": "228000"}}, {"type": "Feature", "geometry": {"type": "Point", "coordinates": [3.9461173, 49.6641961]}, "properties": {"osm_id": "1855831040", "ref": "100", "railway_position": "166.151", "railway_ref": "228000"}}, {"type": "Feature", "geometry": {"type": "Point", "coordinates": [2.3547354, 50.7326099]}, "properties": {"osm_id": "1857196160", "ref": "55", "railway_position": "59.631", "railway_ref": "295000"}}, {"type": "Feature", "geometry": {"type": "Point", "coordinates": [2.3388677, 50.7352583]}, "properties": {"osm_id": "1857196182", "ref": "56", "railway_position": "60.803", "railway_ref": "295000"}}, {"type": "Feature", "geometry": {"type": "Point", "coordinates": [2.4487663, 50.7358438]}, "properties": {"osm_id": "1857196190", "ref": "47", "railway_position": "52.858", "railway_ref": "295000"}}, {"type": "Feature", "geometry": {"type": "Point", "coordinates": [2.3161813, 50.7455671]}, "properties": {"osm_id": "1857196205", "ref": "58", "railway_position": "62.788", "railway_ref": "295000"}}, {"type": "Feature", "geometry": {"type": "Point", "coordinates": [1.7927208, 50.8318714]}, "properties": {"osm_id": "2522875869", "ref": "153", "railway_position": "275.518", "railway_ref": "314000"}}, {"type": "Feature", "geometry": {"type": "Point", "coordinates": [3.4880988, 50.3310388]}, "properties": {"osm_id": "1859786929", "ref": "89", "railway_position": "237.978", "railway_ref": "254000"}}, {"type": "Feature", "geometry": {"type": "Point", "coordinates": [2.0766924, 49.4259534]}, "properties": {"osm_id": "1860681935", "ref": "57", "railway_position": "79.440", "railway_ref": "325000"}}, {"type": "Feature", "geometry": {"type": "Point", "coordinates": [2.0720303, 49.4274026]}, "properties": {"osm_id": "1860727203", "ref": "58", "railway_position": "79.823", "railway_ref": "325000"}}, {"type": "Feature", "geometry": {"type": "Point", "coordinates": [3.4425572, 50.3110719]}, "properties": {"osm_id": "1861498439", "ref": "87", "railway_position": "233.884", "railway_ref": "254000"}}, {"type": "Feature", "geometry": {"type": "Point", "coordinates": [3.5656972, 49.5285743]}, "properties": {"osm_id": "1868520409", "ref": "71", "railway_position": "132.718", "railway_ref": "229000"}}, {"type": "Feature", "geometry": {"type": "Point", "coordinates": [4.1415344, 49.8550556]}, "properties": {"osm_id": "1888841827", "ref": "6", "railway_position": "9.401", "railway_ref": "212000"}}, {"type": "Feature", "geometry": {"type": "Point", "coordinates": [4.0869483, 49.9279598]}, "properties": {"osm_id": "1889501211", "ref": "103", "railway_position": "120.935", "railway_ref": "267000"}}, {"type": "Feature", "geometry": {"type": "Point", "coordinates": [4.0845481, 49.9324291]}, "properties": {"osm_id": "1889501254", "ref": "102", "railway_position": "120.404", "railway_ref": "267000"}}, {"type": "Feature", "geometry": {"type": "Point", "coordinates": [3.4729647, 49.5030442]}, "properties": {"osm_id": "1891806037", "ref": "68", "railway_position": "124.439", "railway_ref": "229000"}}, {"type": "Feature", "geometry": {"type": "Point", "coordinates": [3.5461447, 49.5095607]}, "properties": {"osm_id": "1891806048", "ref": "69", "railway_position": "130.151", "railway_ref": "229000"}}, {"type": "Feature", "geometry": {"type": "Point", "coordinates": [3.7811433, 49.6057922]}, "properties": {"osm_id": "1900041175", "ref": "87", "railway_position": "152.095", "railway_ref": "228000"}}, {"type": "Feature", "geometry": {"type": "Point", "coordinates": [2.4184778, 51.0465938]}, "properties": {"osm_id": "1920653824", "ref": "189", "railway_position": "309.258", "railway_ref": "300000"}}, {"type": "Feature", "geometry": {"type": "Point", "coordinates": [2.4094518, 51.0404211]}, "properties": {"osm_id": "1927361844", "ref": "184", "railway_position": "308.250", "railway_ref": "300000"}}, {"type": "Feature", "geometry": {"type": "Point", "coordinates": [3.5480331, 49.6080946]}, "properties": {"osm_id": "1936654654", "ref": "58", "railway_position": "100.009", "railway_ref": "261000"}}, {"type": "Feature", "geometry": {"type": "Point", "coordinates": [3.542942, 49.610582]}, "properties": {"osm_id": "1936654663", "ref": "57", "railway_position": "", "railway_ref": "261000"}}, {"type": "Feature", "geometry": {"type": "Point", "coordinates": [2.3028703, 50.7295801]}, "properties": {"osm_id": "1938412681", "ref": "62", "railway_position": "66.826", "railway_ref": "310000"}}, {"type": "Feature", "geometry": {"type": "Point", "coordinates": [2.3055248, 50.7356289]}, "properties": {"osm_id": "1938422930", "ref": "60", "railway_position": "66.125", "railway_ref": "310000"}}, {"type": "Feature", "geometry": {"type": "Point", "coordinates": [2.3054761, 50.7397266]}, "properties": {"osm_id": "1940283999", "ref": "59", "railway_position": "65.660", "railway_ref": "310000"}}, {"type": "Feature", "geometry": {"type": "Point", "coordinates": [3.2585757, 49.7688056]}, "properties": {"osm_id": "1940562846", "ref": "67", "railway_position": "144.323", "railway_ref": "242000"}}, {"type": "Feature", "geometry": {"type": "Point", "coordinates": [2.5494494, 50.7108924]}, "properties": {"osm_id": "1962331676", "ref": "135", "railway_position": "261.675", "railway_ref": "301000"}}, {"type": "Feature", "geometry": {"type": "Point", "coordinates": [3.6446562, 49.5955393]}, "properties": {"osm_id": "1966691775", "ref": "79", "railway_position": "143.737", "railway_ref": "229000"}}, {"type": "Feature", "geometry": {"type": "Point", "coordinates": [3.6402222, 49.5740202]}, "properties": {"osm_id": "1966704967", "ref": "77", "railway_position": "141.304", "railway_ref": "228601"}}, {"type": "Feature", "geometry": {"type": "Point", "coordinates": [2.4045807, 50.8105876]}, "properties": {"osm_id": "1976182248", "ref": "149", "railway_position": "278.582", "railway_ref": "301000"}}, {"type": "Feature", "geometry": {"type": "Point", "coordinates": [2.4087681, 50.8334543]}, "properties": {"osm_id": "1976182747", "ref": "151", "railway_position": "281.153", "railway_ref": "301000"}}, {"type": "Feature", "geometry": {"type": "Point", "coordinates": [2.4133798, 50.8627632]}, "properties": {"osm_id": "1976182924", "ref": "154", "railway_position": "284.429", "railway_ref": "301000"}}, {"type": "Feature", "geometry": {"type": "Point", "coordinates": [2.4840988, 50.764016]}, "properties": {"osm_id": "1976481670", "ref": "142", "railway_position": "270.607", "railway_ref": "301000"}}, {"type": "Feature", "geometry": {"type": "Point", "coordinates": [3.0222825, 50.522057]}, "properties": {"osm_id": "1976639845", "ref": "133", "railway_position": "236.289", "railway_ref": "272000"}}, {"type": "Feature", "geometry": {"type": "Point", "coordinates": [2.41147, 51.0428236]}, "properties": {"osm_id": "1981536007", "ref": "188", "railway_position": "308.459", "railway_ref": "300000"}}, {"type": "Feature", "geometry": {"type": "Point", "coordinates": [3.7423749, 49.5592544]}, "properties": {"osm_id": "1983122899", "ref": "16", "railway_position": "43.430", "railway_ref": "82000"}}, {"type": "Feature", "geometry": {"type": "Point", "coordinates": [3.0178115, 50.5081408]}, "properties": {"osm_id": "1988065378", "ref": "131", "railway_position": "234.705", "railway_ref": "272000"}}, {"type": "Feature", "geometry": {"type": "Point", "coordinates": [2.6338584, 49.4602175]}, "properties": {"osm_id": "1996866107", "ref": "64", "railway_position": "92.898", "railway_ref": "232000"}}, {"type": "Feature", "geometry": {"type": "Point", "coordinates": [2.6334007, 49.4694142]}, "properties": {"osm_id": "1996866114", "ref": "65", "railway_position": "93.922", "railway_ref": "232000"}}, {"type": "Feature", "geometry": {"type": "Point", "coordinates": [2.5566054, 49.6275832]}, "properties": {"osm_id": "1996895711", "ref": "82", "railway_position": "113.705", "railway_ref": "232000"}}, {"type": "Feature", "geometry": {"type": "Point", "coordinates": [2.5900498, 49.5451005]}, "properties": {"osm_id": "1996895714", "ref": "71", "railway_position": "103.357", "railway_ref": "232000"}}, {"type": "Feature", "geometry": {"type": "Point", "coordinates": [2.5591475, 49.6476625]}, "properties": {"osm_id": "1996895721", "ref": "85", "railway_position": "116.158", "railway_ref": "232000"}}, {"type": "Feature", "geometry": {"type": "Point", "coordinates": [2.581459, 49.56259]}, "properties": {"osm_id": "1996895723", "ref": "73", "railway_position": "105.405", "railway_ref": "232000"}}, {"type": "Feature", "geometry": {"type": "Point", "coordinates": [2.5407325, 49.6638455]}, "properties": {"osm_id": "1996895726", "ref": "88", "railway_position": "118.373", "railway_ref": "232000"}}, {"type": "Feature", "geometry": {"type": "Point", "coordinates": [2.5545197, 49.6506461]}, "properties": {"osm_id": "1996895731", "ref": "86", "railway_position": "116.619", "railway_ref": "232000"}}, {"type": "Feature", "geometry": {"type": "Point", "coordinates": [2.5639931, 49.5843882]}, "properties": {"osm_id": "1996895736", "ref": "76", "railway_position": "108.378", "railway_ref": "232000"}}, {"type": "Feature", "geometry": {"type": "Point", "coordinates": [2.5336797, 49.6797728]}, "properties": {"osm_id": "1996895738", "ref": "91", "railway_position": "120.492", "railway_ref": "232000"}}, {"type": "Feature", "geometry": {"type": "Point", "coordinates": [2.5843504, 49.5554666]}, "properties": {"osm_id": "1996895740", "ref": "72", "railway_position": "104.581", "railway_ref": "232000"}}, {"type": "Feature", "geometry": {"type": "Point", "coordinates": [2.5564793, 49.6095045]}, "properties": {"osm_id": "1996895743", "ref": "79", "railway_position": "111.384", "railway_ref": "232000"}}, {"type": "Feature", "geometry": {"type": "Point", "coordinates": [2.5310618, 49.7143764]}, "properties": {"osm_id": "1996901448", "ref": "96", "railway_position": "124.520", "railway_ref": "232000"}}, {"type": "Feature", "geometry": {"type": "Point", "coordinates": [2.5072299, 49.7350237]}, "properties": {"osm_id": "1996901449", "ref": "97", "railway_position": "127.500", "railway_ref": "232000"}}, {"type": "Feature", "geometry": {"type": "Point", "coordinates": [2.4966954, 49.7508991]}, "properties": {"osm_id": "1996901451", "ref": "98", "railway_position": "129.664", "railway_ref": "232000"}}, {"type": "Feature", "geometry": {"type": "Point", "coordinates": [2.5392778, 49.695685]}, "properties": {"osm_id": "1996901452", "ref": "93", "railway_position": "122.318", "railway_ref": "232000"}}, {"type": "Feature", "geometry": {"type": "Point", "coordinates": [2.3649849, 49.8809021]}, "properties": {"osm_id": "2005129580", "ref": "", "railway_position": "", "railway_ref": "272000"}}, {"type": "Feature", "geometry": {"type": "Point", "coordinates": [2.3647807, 49.8809445]}, "properties": {"osm_id": "2005155814", "ref": "", "railway_position": "", "railway_ref": "272000"}}, {"type": "Feature", "geometry": {"type": "Point", "coordinates": [3.140048, 49.5859351]}, "properties": {"osm_id": "2007093448", "ref": "52", "railway_position": "116.767", "railway_ref": "242000"}}, {"type": "Feature", "geometry": {"type": "Point", "coordinates": [3.1206168, 49.5804919]}, "properties": {"osm_id": "2007093451", "ref": "51", "railway_position": "115.240", "railway_ref": "242000"}}, {"type": "Feature", "geometry": {"type": "Point", "coordinates": [3.2008157, 49.6031576]}, "properties": {"osm_id": "2007100459", "ref": "55", "railway_position": "121.560", "railway_ref": "242000"}}, {"type": "Feature", "geometry": {"type": "Point", "coordinates": [3.2696887, 49.6379234]}, "properties": {"osm_id": "2008123896", "ref": "61", "railway_position": "127.916", "railway_ref": "242000"}}, {"type": "Feature", "geometry": {"type": "Point", "coordinates": [3.3141752, 49.6530036]}, "properties": {"osm_id": "2008227547", "ref": "51", "railway_position": "80.958", "railway_ref": "261000"}}, {"type": "Feature", "geometry": {"type": "Point", "coordinates": [3.215843, 49.7140307]}, "properties": {"osm_id": "2013315442", "ref": "46", "railway_position": "69.772", "railway_ref": "261000"}}, {"type": "Feature", "geometry": {"type": "Point", "coordinates": [3.2242951, 49.7119974]}, "properties": {"osm_id": "2013315445", "ref": "47", "railway_position": "70.427", "railway_ref": "261000"}}, {"type": "Feature", "geometry": {"type": "Point", "coordinates": [3.173925, 49.7218004]}, "properties": {"osm_id": "2013322107", "ref": "41 bis", "railway_position": "66.635", "railway_ref": "261000"}}, {"type": "Feature", "geometry": {"type": "Point", "coordinates": [3.1562831, 49.7250603]}, "properties": {"osm_id": "2013322118", "ref": "41", "railway_position": "65.312", "railway_ref": "261000"}}, {"type": "Feature", "geometry": {"type": "Point", "coordinates": [3.1894524, 49.7189318]}, "properties": {"osm_id": "2013322137", "ref": "44", "railway_position": "67.799", "railway_ref": "261000"}}, {"type": "Feature", "geometry": {"type": "Point", "coordinates": [3.0686737, 49.7397641]}, "properties": {"osm_id": "2013333817", "ref": "38", "railway_position": "58.782", "railway_ref": "261000"}}, {"type": "Feature", "geometry": {"type": "Point", "coordinates": [3.043171, 49.7413472]}, "properties": {"osm_id": "2013342596", "ref": "36", "railway_position": "56.946", "railway_ref": "261000"}}, {"type": "Feature", "geometry": {"type": "Point", "coordinates": [3.0505848, 49.7408863]}, "properties": {"osm_id": "2013342607", "ref": "37", "railway_position": "57.491", "railway_ref": "261000"}}, {"type": "Feature", "geometry": {"type": "Point", "coordinates": [2.4201929, 49.8772015]}, "properties": {"osm_id": "2013351695", "ref": "2", "railway_position": "8.577", "railway_ref": "261000"}}, {"type": "Feature", "geometry": {"type": "Point", "coordinates": [3.2857137, 49.8346052]}, "properties": {"osm_id": "3655923485", "ref": "", "railway_position": "", "railway_ref": "242000"}}, {"type": "Feature", "geometry": {"type": "Point", "coordinates": [4.2638503, 49.8056076]}, "properties": {"osm_id": "2014190635", "ref": "16", "railway_position": "20.213", "railway_ref": "212000"}}, {"type": "Feature", "geometry": {"type": "Point", "coordinates": [3.3653177, 49.4101915]}, "properties": {"osm_id": "2016601849", "ref": "61", "railway_position": "109.793", "railway_ref": "229000"}}, {"type": "Feature", "geometry": {"type": "Point", "coordinates": [3.7936881, 49.6096551]}, "properties": {"osm_id": "2017004916", "ref": "88", "railway_position": "153.099", "railway_ref": "228000"}}, {"type": "Feature", "geometry": {"type": "Point", "coordinates": [3.7458956, 49.5963936]}, "properties": {"osm_id": "2017118893", "ref": "85", "railway_position": "149.337", "railway_ref": "228000"}}, {"type": "Feature", "geometry": {"type": "Point", "coordinates": [2.5682138, 49.8553932]}, "properties": {"osm_id": "2021919113", "ref": "6", "railway_position": "20.077", "railway_ref": "261000"}}, {"type": "Feature", "geometry": {"type": "Point", "coordinates": [2.6358044, 49.8448251]}, "properties": {"osm_id": "2021928091", "ref": "10", "railway_position": "25.045", "railway_ref": "261000"}}, {"type": "Feature", "geometry": {"type": "Point", "coordinates": [2.6969727, 49.8270391]}, "properties": {"osm_id": "2021945611", "ref": "12", "railway_position": "29.874", "railway_ref": "261000"}}, {"type": "Feature", "geometry": {"type": "Point", "coordinates": [2.6640515, 49.8368283]}, "properties": {"osm_id": "2021945612", "ref": "11", "railway_position": "27.270", "railway_ref": "261000"}}, {"type": "Feature", "geometry": {"type": "Point", "coordinates": [2.7843985, 49.8102271]}, "properties": {"osm_id": "2022044600", "ref": "18", "railway_position": "36.449", "railway_ref": "261000"}}, {"type": "Feature", "geometry": {"type": "Point", "coordinates": [2.7124148, 49.8224445]}, "properties": {"osm_id": "2022044602", "ref": "13", "railway_position": "31.098", "railway_ref": "261000"}}, {"type": "Feature", "geometry": {"type": "Point", "coordinates": [2.7519061, 49.8156953]}, "properties": {"osm_id": "2022044606", "ref": "15", "railway_position": "34.033", "railway_ref": "261000"}}, {"type": "Feature", "geometry": {"type": "Point", "coordinates": [2.719497, 49.821155]}, "properties": {"osm_id": "2022044611", "ref": "14", "railway_position": "31.626", "railway_ref": "261000"}}, {"type": "Feature", "geometry": {"type": "Point", "coordinates": [2.769462, 49.8127397]}, "properties": {"osm_id": "2022044613", "ref": "17", "railway_position": "35.359", "railway_ref": "261000"}}, {"type": "Feature", "geometry": {"type": "Point", "coordinates": [2.5388664, 49.691319]}, "properties": {"osm_id": "2023547459", "ref": "92", "railway_position": "121.829", "railway_ref": "232000"}}, {"type": "Feature", "geometry": {"type": "Point", "coordinates": [2.5549183, 49.603535]}, "properties": {"osm_id": "2023547477", "ref": "78", "railway_position": "110.706", "railway_ref": "232000"}}, {"type": "Feature", "geometry": {"type": "Point", "coordinates": [1.8789752, 50.0588873]}, "properties": {"osm_id": "2025084781", "ref": "85", "railway_position": "168.703", "railway_ref": "311000"}}, {"type": "Feature", "geometry": {"type": "Point", "coordinates": [1.9655749, 50.0239544]}, "properties": {"osm_id": "2025109417", "ref": "74", "railway_position": "161.036", "railway_ref": "311000"}}, {"type": "Feature", "geometry": {"type": "Point", "coordinates": [2.0853614, 49.9718838]}, "properties": {"osm_id": "2029534298", "ref": "62", "railway_position": "149.837", "railway_ref": "311000"}}, {"type": "Feature", "geometry": {"type": "Point", "coordinates": [2.1718851, 49.9370418]}, "properties": {"osm_id": "2029534313", "ref": "55", "railway_position": "142.344", "railway_ref": "311000"}}, {"type": "Feature", "geometry": {"type": "Point", "coordinates": [2.1052695, 49.9656577]}, "properties": {"osm_id": "2029534326", "ref": "60", "railway_position": "148.244", "railway_ref": "311000"}}, {"type": "Feature", "geometry": {"type": "Point", "coordinates": [2.1241373, 49.9523983]}, "properties": {"osm_id": "2029534334", "ref": "58", "railway_position": "146.230", "railway_ref": "311000"}}, {"type": "Feature", "geometry": {"type": "Point", "coordinates": [2.1510854, 49.9431675]}, "properties": {"osm_id": "2029534370", "ref": "56", "railway_position": "144.066", "railway_ref": "311000"}}, {"type": "Feature", "geometry": {"type": "Point", "coordinates": [3.4188343, 50.3322099]}, "properties": {"osm_id": "2036265135", "ref": "85", "railway_position": "230.618", "railway_ref": "254000"}}, {"type": "Feature", "geometry": {"type": "Point", "coordinates": [3.3314727, 50.277454]}, "properties": {"osm_id": "2043512112", "ref": "82", "railway_position": "219.693", "railway_ref": "250000"}}, {"type": "Feature", "geometry": {"type": "Point", "coordinates": [2.7901292, 50.1843114]}, "properties": {"osm_id": "2045785876", "ref": "70", "railway_position": "179.810", "railway_ref": "272000"}}, {"type": "Feature", "geometry": {"type": "Point", "coordinates": [1.8259283, 50.0931804]}, "properties": {"osm_id": "2048639711", "ref": "89", "railway_position": "174.384", "railway_ref": "311000"}}, {"type": "Feature", "geometry": {"type": "Point", "coordinates": [2.9877131, 50.4325004]}, "properties": {"osm_id": "2048653562", "ref": "101", "railway_position": "220.953", "railway_ref": "284000"}}, {"type": "Feature", "geometry": {"type": "Point", "coordinates": [1.7798551, 50.1221597]}, "properties": {"osm_id": "2048691912", "ref": "93", "railway_position": "179.310", "railway_ref": "323000"}}, {"type": "Feature", "geometry": {"type": "Point", "coordinates": [1.7426719, 50.1354239]}, "properties": {"osm_id": "2048691925", "ref": "94", "railway_position": "182.410", "railway_ref": "323000"}}, {"type": "Feature", "geometry": {"type": "Point", "coordinates": [1.8050813, 50.1117211]}, "properties": {"osm_id": "2048691928", "ref": "92", "railway_position": "177.170", "railway_ref": "323000"}}, {"type": "Feature", "geometry": {"type": "Point", "coordinates": [3.3782727, 50.3337898]}, "properties": {"osm_id": "2049177256", "ref": "84", "railway_position": "227.642", "railway_ref": "254000"}}, {"type": "Feature", "geometry": {"type": "Point", "coordinates": [2.5609846, 49.9534038]}, "properties": {"osm_id": "2049343944", "ref": "53", "railway_position": "145.965", "railway_ref": "272000"}}, {"type": "Feature", "geometry": {"type": "Point", "coordinates": [3.4102292, 50.3864447]}, "properties": {"osm_id": "2049430179", "ref": "140", "railway_position": "239.487", "railway_ref": "262000"}}, {"type": "Feature", "geometry": {"type": "Point", "coordinates": [3.4156281, 50.3870541]}, "properties": {"osm_id": "2049430181", "ref": "141", "railway_position": "239.876", "railway_ref": "262000"}}, {"type": "Feature", "geometry": {"type": "Point", "coordinates": [3.4331832, 50.3890329]}, "properties": {"osm_id": "2049430193", "ref": "143", "railway_position": "241.133", "railway_ref": "262000"}}, {"type": "Feature", "geometry": {"type": "Point", "coordinates": [3.4432345, 50.4239362]}, "properties": {"osm_id": "2049494553", "ref": "47", "railway_position": "37.547", "railway_ref": "267000"}}, {"type": "Feature", "geometry": {"type": "Point", "coordinates": [3.3428129, 50.3191386]}, "properties": {"osm_id": "2050010511", "ref": "83", "railway_position": "224.547", "railway_ref": "254000"}}, {"type": "Feature", "geometry": {"type": "Point", "coordinates": [3.345236, 50.3774051]}, "properties": {"osm_id": "2050362565", "ref": "132", "railway_position": "234.792", "railway_ref": "262000"}}, {"type": "Feature", "geometry": {"type": "Point", "coordinates": [3.3637934, 50.3808993]}, "properties": {"osm_id": "2050362785", "ref": "135", "railway_position": "236.135", "railway_ref": "262000"}}, {"type": "Feature", "geometry": {"type": "Point", "coordinates": [3.3531867, 50.3788827]}, "properties": {"osm_id": "2051197681", "ref": "134", "railway_position": "235.381", "railway_ref": "262000"}}, {"type": "Feature", "geometry": {"type": "Point", "coordinates": [3.2942983, 50.3578635]}, "properties": {"osm_id": "2053973056", "ref": "122", "railway_position": "230.532", "railway_ref": "262000"}}, {"type": "Feature", "geometry": {"type": "Point", "coordinates": [3.6908911, 50.2345884]}, "properties": {"osm_id": "2054095849", "ref": "82", "railway_position": "69.559", "railway_ref": "267000"}}, {"type": "Feature", "geometry": {"type": "Point", "coordinates": [3.6769456, 50.2394648]}, "properties": {"osm_id": "2054106177", "ref": "79", "railway_position": "68.440", "railway_ref": "267000"}}, {"type": "Feature", "geometry": {"type": "Point", "coordinates": [3.6822996, 50.2375931]}, "properties": {"osm_id": "2054566632", "ref": "80", "railway_position": "68.875", "railway_ref": "267000"}}, {"type": "Feature", "geometry": {"type": "Point", "coordinates": [3.398809, 50.4472647]}, "properties": {"osm_id": "2055712611", "ref": "42", "railway_position": "33.233", "railway_ref": "267000"}}, {"type": "Feature", "geometry": {"type": "Point", "coordinates": [3.3867555, 50.4486522]}, "properties": {"osm_id": "2055712624", "ref": "41", "railway_position": "32.354", "railway_ref": "267000"}}, {"type": "Feature", "geometry": {"type": "Point", "coordinates": [3.6055061, 50.26439]}, "properties": {"osm_id": "2055853095", "ref": "76", "railway_position": "62.637", "railway_ref": "267000"}}, {"type": "Feature", "geometry": {"type": "Point", "coordinates": [3.4558229, 50.4148497]}, "properties": {"osm_id": "2056576953", "ref": "49", "railway_position": "38.893", "railway_ref": "267000"}}, {"type": "Feature", "geometry": {"type": "Point", "coordinates": [3.2590112, 50.3478295]}, "properties": {"osm_id": "2058534203", "ref": "43", "railway_position": "221.733", "railway_ref": "258000"}}, {"type": "Feature", "geometry": {"type": "Point", "coordinates": [3.4866254, 50.3900412]}, "properties": {"osm_id": "2059188733", "ref": "148", "railway_position": "244.938", "railway_ref": "262000"}}, {"type": "Feature", "geometry": {"type": "Point", "coordinates": [3.2618076, 50.3364958]}, "properties": {"osm_id": "2062140937", "ref": "41", "railway_position": "220.433", "railway_ref": "258000"}}, {"type": "Feature", "geometry": {"type": "Point", "coordinates": [3.370933, 49.4200925]}, "properties": {"osm_id": "2062718700", "ref": "62", "railway_position": "110.985", "railway_ref": "229000"}}, {"type": "Feature", "geometry": {"type": "Point", "coordinates": [2.3314508, 51.0174882]}, "properties": {"osm_id": "2064771588", "ref": "5", "railway_position": "311.000", "railway_ref": "302526"}}, {"type": "Feature", "geometry": {"type": "Point", "coordinates": [3.4157162, 49.4628633]}, "properties": {"osm_id": "2065226899", "ref": "65", "railway_position": "117.124", "railway_ref": "229000"}}, {"type": "Feature", "geometry": {"type": "Point", "coordinates": [3.297455, 50.353995]}, "properties": {"osm_id": "2066104702", "ref": "85", "railway_position": "229.737", "railway_ref": "250000"}}, {"type": "Feature", "geometry": {"type": "Point", "coordinates": [3.3102406, 50.3648362]}, "properties": {"osm_id": "2066104992", "ref": "125", "railway_position": "231.910", "railway_ref": "262000"}}, {"type": "Feature", "geometry": {"type": "Point", "coordinates": [3.3172583, 50.3679294]}, "properties": {"osm_id": "2066244061", "ref": "127", "railway_position": "232.500", "railway_ref": "262000"}}, {"type": "Feature", "geometry": {"type": "Point", "coordinates": [3.9827471, 49.8601272]}, "properties": {"osm_id": "2066661744", "ref": "105", "railway_position": "186.438", "railway_ref": "229000"}}, {"type": "Feature", "geometry": {"type": "Point", "coordinates": [3.9765947, 49.8570188]}, "properties": {"osm_id": "2066661749", "ref": "104", "railway_position": "185.880", "railway_ref": "229000"}}, {"type": "Feature", "geometry": {"type": "Point", "coordinates": [3.4183986, 49.4851191]}, "properties": {"osm_id": "2068012264", "ref": "66", "railway_position": "119.933", "railway_ref": "229000"}}, {"type": "Feature", "geometry": {"type": "Point", "coordinates": [3.5965557, 49.5705719]}, "properties": {"osm_id": "2068026832", "ref": "75", "railway_position": "137.909", "railway_ref": "229000"}}, {"type": "Feature", "geometry": {"type": "Point", "coordinates": [3.4504038, 49.496925]}, "properties": {"osm_id": "2068026897", "ref": "67", "railway_position": "122.661", "railway_ref": "229000"}}, {"type": "Feature", "geometry": {"type": "Point", "coordinates": [2.3323441, 51.0074907]}, "properties": {"osm_id": "2532817947", "ref": "4", "railway_position": "5.177", "railway_ref": "304000"}}, {"type": "Feature", "geometry": {"type": "Point", "coordinates": [3.6698185, 49.6542348]}, "properties": {"osm_id": "2069353191", "ref": "83", "railway_position": "150.564", "railway_ref": "229000"}}, {"type": "Feature", "geometry": {"type": "Point", "coordinates": [3.6470963, 49.6031179]}, "properties": {"osm_id": "2069353211", "ref": "80", "railway_position": "144.595", "railway_ref": "229000"}}, {"type": "Feature", "geometry": {"type": "Point", "coordinates": [3.6558777, 49.6304155]}, "properties": {"osm_id": "2069353216", "ref": "81", "railway_position": "147.696", "railway_ref": "229000"}}, {"type": "Feature", "geometry": {"type": "Point", "coordinates": [3.6664423, 49.647212]}, "properties": {"osm_id": "2069353237", "ref": "82", "railway_position": "149.741", "railway_ref": "229000"}}, {"type": "Feature", "geometry": {"type": "Point", "coordinates": [3.6883901, 49.6994356]}, "properties": {"osm_id": "2069358605", "ref": "86", "railway_position": "156.009", "railway_ref": "229000"}}, {"type": "Feature", "geometry": {"type": "Point", "coordinates": [3.6921571, 49.7027889]}, "properties": {"osm_id": "2069361430", "ref": "87", "railway_position": "156.471", "railway_ref": "229000"}}, {"type": "Feature", "geometry": {"type": "Point", "coordinates": [3.789391, 49.7580719]}, "properties": {"osm_id": "2069369318", "ref": "93", "railway_position": "165.916", "railway_ref": "229000"}}, {"type": "Feature", "geometry": {"type": "Point", "coordinates": [3.3223588, 50.3701797]}, "properties": {"osm_id": "2070442536", "ref": "128", "railway_position": "232.940", "railway_ref": "262000"}}, {"type": "Feature", "geometry": {"type": "Point", "coordinates": [3.8143049, 49.8033172]}, "properties": {"osm_id": "2073350851", "ref": "98", "railway_position": "172.235", "railway_ref": "229000"}}, {"type": "Feature", "geometry": {"type": "Point", "coordinates": [3.801771, 49.7775517]}, "properties": {"osm_id": "2073350852", "ref": "95", "railway_position": "168.309", "railway_ref": "229000"}}, {"type": "Feature", "geometry": {"type": "Point", "coordinates": [3.7973446, 49.7883512]}, "properties": {"osm_id": "2073350854", "ref": "96", "railway_position": "169.554", "railway_ref": "229000"}}, {"type": "Feature", "geometry": {"type": "Point", "coordinates": [3.1784768, 49.7209586]}, "properties": {"osm_id": "2073618178", "ref": "43", "railway_position": "66.977", "railway_ref": "261000"}}, {"type": "Feature", "geometry": {"type": "Point", "coordinates": [3.1459314, 50.2781855]}, "properties": {"osm_id": "2076031527", "ref": "175", "railway_position": "210.482", "railway_ref": "259000"}}, {"type": "Feature", "geometry": {"type": "Point", "coordinates": [3.3823564, 49.6591294]}, "properties": {"osm_id": "2077929164", "ref": "53", "railway_position": "85.945", "railway_ref": "261000"}}, {"type": "Feature", "geometry": {"type": "Point", "coordinates": [3.4847109, 49.6339686]}, "properties": {"osm_id": "2077929196", "ref": "54", "railway_position": "94.540", "railway_ref": "261000"}}, {"type": "Feature", "geometry": {"type": "Point", "coordinates": [3.5752485, 49.5926077]}, "properties": {"osm_id": "2077965780", "ref": "60", "railway_position": "102.615", "railway_ref": "261000"}}, {"type": "Feature", "geometry": {"type": "Point", "coordinates": [3.5676863, 49.597263]}, "properties": {"osm_id": "2077965784", "ref": "59", "railway_position": "101.872", "railway_ref": "261000"}}, {"type": "Feature", "geometry": {"type": "Point", "coordinates": [3.5340928, 49.6149458]}, "properties": {"osm_id": "2077965789", "ref": "56", "railway_position": "98.748", "railway_ref": "261000"}}, {"type": "Feature", "geometry": {"type": "Point", "coordinates": [2.7836352, 49.7744499]}, "properties": {"osm_id": "2078430016", "ref": "85", "railway_position": "127.106", "railway_ref": "259000"}}, {"type": "Feature", "geometry": {"type": "Point", "coordinates": [2.7832286, 49.7679884]}, "properties": {"osm_id": "2078430021", "ref": "84", "railway_position": "126.378", "railway_ref": "259000"}}, {"type": "Feature", "geometry": {"type": "Point", "coordinates": [2.7848131, 49.7934808]}, "properties": {"osm_id": "2078430026", "ref": "86", "railway_position": "129.216", "railway_ref": "259000"}}, {"type": "Feature", "geometry": {"type": "Point", "coordinates": [2.7856022, 49.7597421]}, "properties": {"osm_id": "2078430027", "ref": "83", "railway_position": "125.436", "railway_ref": "259000"}}, {"type": "Feature", "geometry": {"type": "Point", "coordinates": [2.7927709, 49.808095]}, "properties": {"osm_id": "2078435071", "ref": "89", "railway_position": "131.097", "railway_ref": "259000"}}, {"type": "Feature", "geometry": {"type": "Point", "coordinates": [2.8645832, 49.7820094]}, "properties": {"osm_id": "2078458433", "ref": "25", "railway_position": "43.073", "railway_ref": "261000"}}, {"type": "Feature", "geometry": {"type": "Point", "coordinates": [2.8279826, 49.7982459]}, "properties": {"osm_id": "2078458449", "ref": "22", "railway_position": "39.903", "railway_ref": "261000"}}, {"type": "Feature", "geometry": {"type": "Point", "coordinates": [2.8856288, 49.7726609]}, "properties": {"osm_id": "2078458451", "ref": "27", "railway_position": "44.935", "railway_ref": "261000"}}, {"type": "Feature", "geometry": {"type": "Point", "coordinates": [2.8220798, 49.8008568]}, "properties": {"osm_id": "2078458459", "ref": "21", "railway_position": "39.389", "railway_ref": "261000"}}, {"type": "Feature", "geometry": {"type": "Point", "coordinates": [2.9484704, 49.7610962]}, "properties": {"osm_id": "2079116536", "ref": "32", "railway_position": "49.754", "railway_ref": "261000"}}, {"type": "Feature", "geometry": {"type": "Point", "coordinates": [2.9894688, 49.75136]}, "properties": {"osm_id": "2079116541", "ref": "35", "railway_position": "52.898", "railway_ref": "261000"}}, {"type": "Feature", "geometry": {"type": "Point", "coordinates": [3.3294678, 50.3732978]}, "properties": {"osm_id": "2080129051", "ref": "129", "railway_position": "233.575", "railway_ref": "262000"}}, {"type": "Feature", "geometry": {"type": "Point", "coordinates": [3.3341229, 50.3749454]}, "properties": {"osm_id": "2080129070", "ref": "130", "railway_position": "233.966", "railway_ref": "262000"}}, {"type": "Feature", "geometry": {"type": "Point", "coordinates": [3.4425946, 49.9874714]}, "properties": {"osm_id": "2080938895", "ref": "74", "railway_position": "174.340", "railway_ref": "242000"}}, {"type": "Feature", "geometry": {"type": "Point", "coordinates": [3.1235261, 50.3249222]}, "properties": {"osm_id": "2082431319", "ref": "182", "railway_position": "217.126", "railway_ref": "259000"}}, {"type": "Feature", "geometry": {"type": "Point", "coordinates": [2.3941817, 49.8032826]}, "properties": {"osm_id": "2082596438", "ref": "38", "railway_position": "116.950", "railway_ref": "272000"}}, {"type": "Feature", "geometry": {"type": "Point", "coordinates": [2.3710464, 49.6513789]}, "properties": {"osm_id": "2082639786", "ref": "31", "railway_position": "97.958", "railway_ref": "272000"}}, {"type": "Feature", "geometry": {"type": "Point", "coordinates": [2.3833081, 49.6277187]}, "properties": {"osm_id": "2082653017", "ref": "30", "railway_position": "95.027", "railway_ref": "272000"}}, {"type": "Feature", "geometry": {"type": "Point", "coordinates": [2.3253964, 49.6241267]}, "properties": {"osm_id": "2082990073", "ref": "35", "railway_position": "99.885", "railway_ref": "319000"}}, {"type": "Feature", "geometry": {"type": "Point", "coordinates": [2.3472449, 49.6247974]}, "properties": {"osm_id": "2082990075", "ref": "33", "railway_position": "98.285", "railway_ref": "319000"}}, {"type": "Feature", "geometry": {"type": "Point", "coordinates": [2.3099307, 49.6283058]}, "properties": {"osm_id": "2082990081", "ref": "36", "railway_position": "101.124", "railway_ref": "319000"}}, {"type": "Feature", "geometry": {"type": "Point", "coordinates": [2.3653057, 49.6326419]}, "properties": {"osm_id": "2082990084", "ref": "31", "railway_position": "96.686", "railway_ref": "319000"}}, {"type": "Feature", "geometry": {"type": "Point", "coordinates": [3.1152797, 50.3050907]}, "properties": {"osm_id": "2085530020", "ref": "180", "railway_position": "214.755", "railway_ref": "259000"}}, {"type": "Feature", "geometry": {"type": "Point", "coordinates": [3.1225799, 50.3132201]}, "properties": {"osm_id": "2085530096", "ref": "181", "railway_position": "215.811", "railway_ref": "259000"}}, {"type": "Feature", "geometry": {"type": "Point", "coordinates": [3.2009918, 50.2078888]}, "properties": {"osm_id": "2086226193", "ref": "161", "railway_position": "199.231", "railway_ref": "259000"}}, {"type": "Feature", "geometry": {"type": "Point", "coordinates": [3.2002599, 50.2127299]}, "properties": {"osm_id": "2086226197", "ref": "162", "railway_position": "199.775", "railway_ref": "259000"}}, {"type": "Feature", "geometry": {"type": "Point", "coordinates": [3.204991, 50.2303109]}, "properties": {"osm_id": "2086226216", "ref": "165", "railway_position": "201.863", "railway_ref": "259000"}}, {"type": "Feature", "geometry": {"type": "Point", "coordinates": [3.1994874, 50.2352489]}, "properties": {"osm_id": "2086226220", "ref": "166", "railway_position": "202.541", "railway_ref": "259000"}}, {"type": "Feature", "geometry": {"type": "Point", "coordinates": [3.1889017, 50.2509491]}, "properties": {"osm_id": "2086226221", "ref": "169", "railway_position": "204.767", "railway_ref": "259000"}}, {"type": "Feature", "geometry": {"type": "Point", "coordinates": [2.3910047, 49.6074395]}, "properties": {"osm_id": "2087497254", "ref": "29", "railway_position": "92.650", "railway_ref": "272000"}}, {"type": "Feature", "geometry": {"type": "Point", "coordinates": [2.4375042, 49.5716758]}, "properties": {"osm_id": "2087533496", "ref": "27", "railway_position": "87.321", "railway_ref": "272000"}}, {"type": "Feature", "geometry": {"type": "Point", "coordinates": [2.3973852, 49.402776]}, "properties": {"osm_id": "2088369029", "ref": "26", "railway_position": "67.830", "railway_ref": "272000"}}, {"type": "Feature", "geometry": {"type": "Point", "coordinates": [1.594377, 49.9469634]}, "properties": {"osm_id": "2089771249", "ref": "168", "railway_position": "161.260", "railway_ref": "325000"}}, {"type": "Feature", "geometry": {"type": "Point", "coordinates": [1.6367193, 49.9272833]}, "properties": {"osm_id": "2089771255", "ref": "158", "railway_position": "157.498", "railway_ref": "325000"}}, {"type": "Feature", "geometry": {"type": "Point", "coordinates": [1.603721, 49.9422745]}, "properties": {"osm_id": "2089771259", "ref": "167", "railway_position": "160.404", "railway_ref": "325000"}}, {"type": "Feature", "geometry": {"type": "Point", "coordinates": [1.5929013, 49.9489333]}, "properties": {"osm_id": "2089771260", "ref": "170", "railway_position": "161.508", "railway_ref": "325000"}}, {"type": "Feature", "geometry": {"type": "Point", "coordinates": [1.6788646, 49.9091579]}, "properties": {"osm_id": "2089771270", "ref": "151", "railway_position": "153.618", "railway_ref": "325000"}}, {"type": "Feature", "geometry": {"type": "Point", "coordinates": [1.6596074, 49.9191935]}, "properties": {"osm_id": "2089771272", "ref": "155", "railway_position": "155.640", "railway_ref": "325000"}}, {"type": "Feature", "geometry": {"type": "Point", "coordinates": [1.6443561, 49.9240918]}, "properties": {"osm_id": "2089771278", "ref": "157", "railway_position": "156.838", "railway_ref": "325000"}}, {"type": "Feature", "geometry": {"type": "Point", "coordinates": [1.5896831, 49.9528811]}, "properties": {"osm_id": "2089771280", "ref": "171", "railway_position": "162.001", "railway_ref": "325000"}}, {"type": "Feature", "geometry": {"type": "Point", "coordinates": [1.6739002, 49.9162902]}, "properties": {"osm_id": "2089771283", "ref": "153", "railway_position": "154.532", "railway_ref": "325000"}}, {"type": "Feature", "geometry": {"type": "Point", "coordinates": [1.6082323, 49.9405255]}, "properties": {"osm_id": "2089771284", "ref": "166", "railway_position": "160.029", "railway_ref": "325000"}}, {"type": "Feature", "geometry": {"type": "Point", "coordinates": [1.7624389, 49.7542315]}, "properties": {"osm_id": "2089786072", "ref": "120", "railway_position": "134.612", "railway_ref": "325000"}}, {"type": "Feature", "geometry": {"type": "Point", "coordinates": [1.7153663, 49.8637497]}, "properties": {"osm_id": "2089786150", "ref": "142", "railway_position": "147.696", "railway_ref": "325000"}}, {"type": "Feature", "geometry": {"type": "Point", "coordinates": [1.7183354, 49.8452755]}, "properties": {"osm_id": "2089786181", "ref": "138", "railway_position": "145.622", "railway_ref": "325000"}}, {"type": "Feature", "geometry": {"type": "Point", "coordinates": [1.779795, 49.7417944]}, "properties": {"osm_id": "2089786206", "ref": "116", "railway_position": "132.740", "railway_ref": "325000"}}, {"type": "Feature", "geometry": {"type": "Point", "coordinates": [1.7697595, 49.7119093]}, "properties": {"osm_id": "2089794903", "ref": "112", "railway_position": "129.080", "railway_ref": "325000"}}, {"type": "Feature", "geometry": {"type": "Point", "coordinates": [3.2753657, 50.1917313]}, "properties": {"osm_id": "2090123948", "ref": "79", "railway_position": "208.233", "railway_ref": "250000"}}, {"type": "Feature", "geometry": {"type": "Point", "coordinates": [1.8238271, 49.6563025]}, "properties": {"osm_id": "2090623562", "ref": "100", "railway_position": "120.232", "railway_ref": "325000"}}, {"type": "Feature", "geometry": {"type": "Point", "coordinates": [1.8038243, 49.663465]}, "properties": {"osm_id": "2090623569", "ref": "102", "railway_position": "121.882", "railway_ref": "325000"}}, {"type": "Feature", "geometry": {"type": "Point", "coordinates": [1.959107, 49.6007243]}, "properties": {"osm_id": "2090628176", "ref": "84", "railway_position": "103.615", "railway_ref": "325000"}}, {"type": "Feature", "geometry": {"type": "Point", "coordinates": [1.9594034, 49.6421433]}, "properties": {"osm_id": "2090628198", "ref": "90", "railway_position": "109.183", "railway_ref": "325000"}}, {"type": "Feature", "geometry": {"type": "Point", "coordinates": [1.9644281, 49.6353059]}, "properties": {"osm_id": "2090628206", "ref": "88", "railway_position": "108.340", "railway_ref": "325000"}}, {"type": "Feature", "geometry": {"type": "Point", "coordinates": [1.972472, 49.6118002]}, "properties": {"osm_id": "2090628229", "ref": "85", "railway_position": "105.202", "railway_ref": "325000"}}, {"type": "Feature", "geometry": {"type": "Point", "coordinates": [1.9678758, 49.6235024]}, "properties": {"osm_id": "2090628237", "ref": "86", "railway_position": "106.903", "railway_ref": "325000"}}, {"type": "Feature", "geometry": {"type": "Point", "coordinates": [1.9524722, 49.5727792]}, "properties": {"osm_id": "2090643514", "ref": "81", "railway_position": "100.342", "railway_ref": "325000"}}, {"type": "Feature", "geometry": {"type": "Point", "coordinates": [1.9978288, 49.5318779]}, "properties": {"osm_id": "2090643518", "ref": "74", "railway_position": "94.400", "railway_ref": "325000"}}, {"type": "Feature", "geometry": {"type": "Point", "coordinates": [1.9571319, 49.5898963]}, "properties": {"osm_id": "2090643531", "ref": "82", "railway_position": "102.394", "railway_ref": "325000"}}, {"type": "Feature", "geometry": {"type": "Point", "coordinates": [1.9532051, 49.5720367]}, "properties": {"osm_id": "2090643559", "ref": "80", "railway_position": "100.240", "railway_ref": "325000"}}, {"type": "Feature", "geometry": {"type": "Point", "coordinates": [1.9890848, 49.505115]}, "properties": {"osm_id": "2090654026", "ref": "72", "railway_position": "91.304", "railway_ref": "325000"}}, {"type": "Feature", "geometry": {"type": "Point", "coordinates": [1.9943086, 49.5181125]}, "properties": {"osm_id": "2090654027", "ref": "73", "railway_position": "92.814", "railway_ref": "325000"}}, {"type": "Feature", "geometry": {"type": "Point", "coordinates": [1.9941002, 49.4929473]}, "properties": {"osm_id": "2090654032", "ref": "70", "railway_position": "90.609", "railway_ref": "325000"}}, {"type": "Feature", "geometry": {"type": "Point", "coordinates": [2.0356592, 49.4715728]}, "properties": {"osm_id": "2090658544", "ref": "65", "railway_position": "85.805", "railway_ref": "325000"}}, {"type": "Feature", "geometry": {"type": "Point", "coordinates": [2.052434, 49.449653]}, "properties": {"osm_id": "2090658639", "ref": "62", "railway_position": "82.871", "railway_ref": "325000"}}, {"type": "Feature", "geometry": {"type": "Point", "coordinates": [2.0573208, 49.4396215]}, "properties": {"osm_id": "2090658640", "ref": "60", "railway_position": "81.641", "railway_ref": "325000"}}, {"type": "Feature", "geometry": {"type": "Point", "coordinates": [2.0520995, 49.4457137]}, "properties": {"osm_id": "2090658659", "ref": "61", "railway_position": "82.431", "railway_ref": "325000"}}, {"type": "Feature", "geometry": {"type": "Point", "coordinates": [3.3292788, 50.3351048]}, "properties": {"osm_id": "2091359831", "ref": "84", "railway_position": "226.490", "railway_ref": "250000"}}, {"type": "Feature", "geometry": {"type": "Point", "coordinates": [3.2603588, 50.3541242]}, "properties": {"osm_id": "2097965266", "ref": "", "railway_position": "", "railway_ref": "258000"}}, {"type": "Feature", "geometry": {"type": "Point", "coordinates": [3.1573885, 50.2750727]}, "properties": {"osm_id": "2102650120", "ref": "174", "railway_position": "209.585", "railway_ref": "259000"}}, {"type": "Feature", "geometry": {"type": "Point", "coordinates": [3.5949836, 50.2680917]}, "properties": {"osm_id": "2105916870", "ref": "75", "railway_position": "61.788", "railway_ref": "267000"}}, {"type": "Feature", "geometry": {"type": "Point", "coordinates": [3.3794992, 50.4501388]}, "properties": {"osm_id": "2108534965", "ref": "40", "railway_position": "31.813", "railway_ref": "267000"}}, {"type": "Feature", "geometry": {"type": "Point", "coordinates": [3.3670094, 50.452696]}, "properties": {"osm_id": "2108535023", "ref": "39", "railway_position": "30.878", "railway_ref": "267000"}}, {"type": "Feature", "geometry": {"type": "Point", "coordinates": [3.3575416, 50.4546325]}, "properties": {"osm_id": "2108535030", "ref": "38", "railway_position": "30.177", "railway_ref": "267000"}}, {"type": "Feature", "geometry": {"type": "Point", "coordinates": [3.3483558, 50.4565114]}, "properties": {"osm_id": "2108535037", "ref": "37", "railway_position": "29.491", "railway_ref": "267000"}}, {"type": "Feature", "geometry": {"type": "Point", "coordinates": [3.5715333, 50.3856784]}, "properties": {"osm_id": "2109191003", "ref": "164", "railway_position": "253.258", "railway_ref": "262000"}}, {"type": "Feature", "geometry": {"type": "Point", "coordinates": [3.475134, 50.3203949]}, "properties": {"osm_id": "2109315622", "ref": "88", "railway_position": "236.436", "railway_ref": "254000"}}, {"type": "Feature", "geometry": {"type": "Point", "coordinates": [3.1595069, 50.2717864]}, "properties": {"osm_id": "2115879734", "ref": "173", "railway_position": "209.181", "railway_ref": "259000"}}, {"type": "Feature", "geometry": {"type": "Point", "coordinates": [2.4921692, 50.3571653]}, "properties": {"osm_id": "2119603736", "ref": "105", "railway_position": "218.419", "railway_ref": "307000"}}, {"type": "Feature", "geometry": {"type": "Point", "coordinates": [2.4624604, 50.6350837]}, "properties": {"osm_id": "2122225600", "ref": "121", "railway_position": "251.060", "railway_ref": "301000"}}, {"type": "Feature", "geometry": {"type": "Point", "coordinates": [2.8224145, 50.3106803]}, "properties": {"osm_id": "2139482991", "ref": "84", "railway_position": "196.777", "railway_ref": "301000"}}, {"type": "Feature", "geometry": {"type": "Point", "coordinates": [3.6169165, 50.3953728]}, "properties": {"osm_id": "2156953479", "ref": "171", "railway_position": "256.662", "railway_ref": "262000"}}, {"type": "Feature", "geometry": {"type": "Point", "coordinates": [1.7850589, 50.1279207]}, "properties": {"osm_id": "2164926609", "ref": "94", "railway_position": "179.774", "railway_ref": "311000"}}, {"type": "Feature", "geometry": {"type": "Point", "coordinates": [1.6714763, 50.2807623]}, "properties": {"osm_id": "2166727202", "ref": "108", "railway_position": "199.824", "railway_ref": "311000"}}, {"type": "Feature", "geometry": {"type": "Point", "coordinates": [1.656582, 50.3326526]}, "properties": {"osm_id": "2166727213", "ref": "112", "railway_position": "205.718", "railway_ref": "311000"}}, {"type": "Feature", "geometry": {"type": "Point", "coordinates": [1.7063408, 50.214674]}, "properties": {"osm_id": "2166892428", "ref": "100", "railway_position": "192.057", "railway_ref": "311000"}}, {"type": "Feature", "geometry": {"type": "Point", "coordinates": [1.7055483, 50.1990211]}, "properties": {"osm_id": "2167043739", "ref": "99", "railway_position": "190.314", "railway_ref": "311000"}}, {"type": "Feature", "geometry": {"type": "Point", "coordinates": [1.7485748, 50.1499238]}, "properties": {"osm_id": "2167535594", "ref": "96", "railway_position": "183.451", "railway_ref": "311000"}}, {"type": "Feature", "geometry": {"type": "Point", "coordinates": [1.757136, 50.1453797]}, "properties": {"osm_id": "2167535655", "ref": "95", "railway_position": "182.644", "railway_ref": "311000"}}, {"type": "Feature", "geometry": {"type": "Point", "coordinates": [2.7106815, 50.0819548]}, "properties": {"osm_id": "2173006598", "ref": "63", "railway_position": "166.052", "railway_ref": "272000"}}, {"type": "Feature", "geometry": {"type": "Point", "coordinates": [1.8398261, 49.7409266]}, "properties": {"osm_id": "2174830595", "ref": "9", "railway_position": "42.900", "railway_ref": "321000"}}, {"type": "Feature", "geometry": {"type": "Point", "coordinates": [1.8574395, 49.7443046]}, "properties": {"osm_id": "2174830613", "ref": "8", "railway_position": "41.579", "railway_ref": "321000"}}, {"type": "Feature", "geometry": {"type": "Point", "coordinates": [1.8030438, 49.7174643]}, "properties": {"osm_id": "2174985391", "ref": "11", "railway_position": "46.751", "railway_ref": "321000"}}, {"type": "Feature", "geometry": {"type": "Point", "coordinates": [1.7344601, 49.6602122]}, "properties": {"osm_id": "2175106789", "ref": "17", "railway_position": "54.938", "railway_ref": "321000"}}, {"type": "Feature", "geometry": {"type": "Point", "coordinates": [2.1306145, 49.4193502]}, "properties": {"osm_id": "2178320606", "ref": "52", "railway_position": "75.411", "railway_ref": "325000"}}, {"type": "Feature", "geometry": {"type": "Point", "coordinates": [1.6354429, 50.6141636]}, "properties": {"osm_id": "2191156050", "ref": "133", "railway_position": "238.238", "railway_ref": "311000"}}, {"type": "Feature", "geometry": {"type": "Point", "coordinates": [2.589009, 49.9613283]}, "properties": {"osm_id": "2193120561", "ref": "55", "railway_position": "148.170", "railway_ref": "272000"}}, {"type": "Feature", "geometry": {"type": "Point", "coordinates": [1.7831394, 49.6903123]}, "properties": {"osm_id": "2196757880", "ref": "108quater", "railway_position": "0.845", "railway_ref": "325000"}}, {"type": "Feature", "geometry": {"type": "Point", "coordinates": [2.9999023, 50.6104347]}, "properties": {"osm_id": "2200336429", "ref": "13 bis", "railway_position": "9.778", "railway_ref": "289000"}}, {"type": "Feature", "geometry": {"type": "Point", "coordinates": [3.008235, 50.6201213]}, "properties": {"osm_id": "2208500409", "ref": "", "railway_position": "", "railway_ref": "292311"}}, {"type": "Feature", "geometry": {"type": "Point", "coordinates": [2.9906438, 50.6328503]}, "properties": {"osm_id": "2208500635", "ref": "", "railway_position": "", "railway_ref": "292000"}}, {"type": "Feature", "geometry": {"type": "Point", "coordinates": [2.9547618, 50.5870212]}, "properties": {"osm_id": "2219635071", "ref": "19", "railway_position": "13.974", "railway_ref": "289000"}}, {"type": "Feature", "geometry": {"type": "Point", "coordinates": [3.996784, 49.6962452]}, "properties": {"osm_id": "2229560749", "ref": "103", "railway_position": "172.131", "railway_ref": "228000"}}, {"type": "Feature", "geometry": {"type": "Point", "coordinates": [2.6964519, 50.71185]}, "properties": {"osm_id": "2254336259", "ref": "30", "railway_position": "34.993", "railway_ref": "295000"}}, {"type": "Feature", "geometry": {"type": "Point", "coordinates": [2.7873216, 50.7127573]}, "properties": {"osm_id": "2254336265", "ref": "24", "railway_position": "27.448", "railway_ref": "295000"}}, {"type": "Feature", "geometry": {"type": "Point", "coordinates": [2.7708769, 50.7190972]}, "properties": {"osm_id": "2254336271", "ref": "25", "railway_position": "28.797", "railway_ref": "295000"}}, {"type": "Feature", "geometry": {"type": "Point", "coordinates": [3.5068264, 50.3905738]}, "properties": {"osm_id": "2283329959", "ref": "58", "railway_position": "43.604", "railway_ref": "267000"}}, {"type": "Feature", "geometry": {"type": "Point", "coordinates": [2.4631603, 50.6073]}, "properties": {"osm_id": "2300063346", "ref": "117", "railway_position": "247.970", "railway_ref": "301000"}}, {"type": "Feature", "geometry": {"type": "Point", "coordinates": [3.6272121, 50.3975686]}, "properties": {"osm_id": "2317927963", "ref": "171 bis", "railway_position": "257.422", "railway_ref": "262000"}}, {"type": "Feature", "geometry": {"type": "Point", "coordinates": [3.6335957, 50.3989276]}, "properties": {"osm_id": "2317927985", "ref": "172", "railway_position": "257.912", "railway_ref": "262000"}}, {"type": "Feature", "geometry": {"type": "Point", "coordinates": [2.7617187, 49.4203934]}, "properties": {"osm_id": "2322368503", "ref": "87", "railway_position": "58.116", "railway_ref": "317000"}}, {"type": "Feature", "geometry": {"type": "Point", "coordinates": [2.8371788, 50.3459158]}, "properties": {"osm_id": "2324792801", "ref": "85", "railway_position": "201.514", "railway_ref": "301000"}}, {"type": "Feature", "geometry": {"type": "Point", "coordinates": [2.7781008, 49.4179967]}, "properties": {"osm_id": "2334330807", "ref": "88", "railway_position": "59.340", "railway_ref": "317000"}}, {"type": "Feature", "geometry": {"type": "Point", "coordinates": [2.3604781, 49.6303005]}, "properties": {"osm_id": "2339796408", "ref": "32", "railway_position": "97.130", "railway_ref": "319000"}}, {"type": "Feature", "geometry": {"type": "Point", "coordinates": [4.1324166, 49.8569841]}, "properties": {"osm_id": "2345396018", "ref": "5", "railway_position": "8.708", "railway_ref": "212000"}}, {"type": "Feature", "geometry": {"type": "Point", "coordinates": [2.6863434, 50.3339152]}, "properties": {"osm_id": "2348260438", "ref": "89", "railway_position": "203.490", "railway_ref": "307000"}}, {"type": "Feature", "geometry": {"type": "Point", "coordinates": [1.6864002, 49.6453126]}, "properties": {"osm_id": "2349653073", "ref": "21", "railway_position": "58.891", "railway_ref": "321000"}}, {"type": "Feature", "geometry": {"type": "Point", "coordinates": [1.6996587, 49.6468562]}, "properties": {"osm_id": "2349653079", "ref": "20", "railway_position": "57.901", "railway_ref": "321000"}}, {"type": "Feature", "geometry": {"type": "Point", "coordinates": [2.3736931, 50.3687222]}, "properties": {"osm_id": "2367311883", "ref": "113", "railway_position": "227.098", "railway_ref": "307000"}}, {"type": "Feature", "geometry": {"type": "Point", "coordinates": [3.0112162, 50.4875004]}, "properties": {"osm_id": "2374193245", "ref": "129", "railway_position": "232.370", "railway_ref": "272000"}}, {"type": "Feature", "geometry": {"type": "Point", "coordinates": [2.0755295, 50.8756159]}, "properties": {"osm_id": "2383262716", "ref": "71", "railway_position": "86.949", "railway_ref": "295000"}}, {"type": "Feature", "geometry": {"type": "Point", "coordinates": [2.0237644, 50.8828683]}, "properties": {"osm_id": "2385093815", "ref": "74", "railway_position": "90.681", "railway_ref": "295000"}}, {"type": "Feature", "geometry": {"type": "Point", "coordinates": [2.1859198, 50.849856]}, "properties": {"osm_id": "2386091633", "ref": "63", "railway_position": "78.648", "railway_ref": "295000"}}, {"type": "Feature", "geometry": {"type": "Point", "coordinates": [2.7880992, 50.1696667]}, "properties": {"osm_id": "2388254985", "ref": "68", "railway_position": "178.182", "railway_ref": "272000"}}, {"type": "Feature", "geometry": {"type": "Point", "coordinates": [2.2732163, 50.7135066]}, "properties": {"osm_id": "2391338491", "ref": "66", "railway_position": "69.787", "railway_ref": "310000"}}, {"type": "Feature", "geometry": {"type": "Point", "coordinates": [2.8154654, 50.5322325]}, "properties": {"osm_id": "2397294139", "ref": "32", "railway_position": "26.602", "railway_ref": "289000"}}, {"type": "Feature", "geometry": {"type": "Point", "coordinates": [2.2074481, 50.8261568]}, "properties": {"osm_id": "2398163014", "ref": "60", "railway_position": "75.578", "railway_ref": "295000"}}, {"type": "Feature", "geometry": {"type": "Point", "coordinates": [2.2027715, 50.8330102]}, "properties": {"osm_id": "2398164996", "ref": "61", "railway_position": "76.405", "railway_ref": "295000"}}, {"type": "Feature", "geometry": {"type": "Point", "coordinates": [1.9312429, 50.9044576]}, "properties": {"osm_id": "2415692678", "ref": "80", "railway_position": "97.663", "railway_ref": "295000"}}, {"type": "Feature", "geometry": {"type": "Point", "coordinates": [1.8089748, 50.8422712]}, "properties": {"osm_id": "2427811386", "ref": "1", "railway_position": "0.502", "railway_ref": "314606"}}, {"type": "Feature", "geometry": {"type": "Point", "coordinates": [2.3963062, 51.0236763]}, "properties": {"osm_id": "2438018406", "ref": "176", "railway_position": "306.013", "railway_ref": "300000"}}, {"type": "Feature", "geometry": {"type": "Point", "coordinates": [4.163771, 49.8427178]}, "properties": {"osm_id": "2447506555", "ref": "9", "railway_position": "11.530", "railway_ref": "212000"}}, {"type": "Feature", "geometry": {"type": "Point", "coordinates": [2.122783, 50.7012922]}, "properties": {"osm_id": "2471869817", "ref": "82", "railway_position": "81.068", "railway_ref": "310000"}}, {"type": "Feature", "geometry": {"type": "Point", "coordinates": [2.1793191, 50.7041296]}, "properties": {"osm_id": "2472187598", "ref": "75", "railway_position": "76.618", "railway_ref": "310000"}}, {"type": "Feature", "geometry": {"type": "Point", "coordinates": [3.8964321, 49.656378]}, "properties": {"osm_id": "2476267432", "ref": "97", "railway_position": "162.295", "railway_ref": "228000"}}, {"type": "Feature", "geometry": {"type": "Point", "coordinates": [3.9389762, 49.6619165]}, "properties": {"osm_id": "2476267446", "ref": "99", "railway_position": "165.573", "railway_ref": "228000"}}, {"type": "Feature", "geometry": {"type": "Point", "coordinates": [4.2110288, 49.8274818]}, "properties": {"osm_id": "2494791674", "ref": "12", "railway_position": "15.604", "railway_ref": "212000"}}, {"type": "Feature", "geometry": {"type": "Point", "coordinates": [4.1905262, 49.8399491]}, "properties": {"osm_id": "2494792022", "ref": "11", "railway_position": "13.540", "railway_ref": "212000"}}, {"type": "Feature", "geometry": {"type": "Point", "coordinates": [2.4623329, 50.6401196]}, "properties": {"osm_id": "2494798912", "ref": "122", "railway_position": "251.617", "railway_ref": "301000"}}, {"type": "Feature", "geometry": {"type": "Point", "coordinates": [2.4712349, 50.6510955]}, "properties": {"osm_id": "2494798932", "ref": "124", "railway_position": "253.038", "railway_ref": "301000"}}, {"type": "Feature", "geometry": {"type": "Point", "coordinates": [2.4880077, 50.6639313]}, "properties": {"osm_id": "2494798934", "ref": "126", "railway_position": "254.888", "railway_ref": "301000"}}, {"type": "Feature", "geometry": {"type": "Point", "coordinates": [1.6610993, 50.3626735]}, "properties": {"osm_id": "2495341302", "ref": "116", "railway_position": "209.076", "railway_ref": "311000"}}, {"type": "Feature", "geometry": {"type": "Point", "coordinates": [4.2319201, 49.8166487]}, "properties": {"osm_id": "2496840711", "ref": "13", "railway_position": "17.607", "railway_ref": "212000"}}, {"type": "Feature", "geometry": {"type": "Point", "coordinates": [4.3077309, 49.7948171]}, "properties": {"osm_id": "2497333280", "ref": "20", "railway_position": "23.737", "railway_ref": "212000"}}, {"type": "Feature", "geometry": {"type": "Point", "coordinates": [4.2858666, 49.8017506]}, "properties": {"osm_id": "2497541568", "ref": "18", "railway_position": "21.934", "railway_ref": "212000"}}, {"type": "Feature", "geometry": {"type": "Point", "coordinates": [2.2668739, 50.7116493]}, "properties": {"osm_id": "2502010246", "ref": "67", "railway_position": "70.274", "railway_ref": "310000"}}, {"type": "Feature", "geometry": {"type": "Point", "coordinates": [2.2925464, 50.7188194]}, "properties": {"osm_id": "2502010262", "ref": "64", "railway_position": "68.256", "railway_ref": "310000"}}, {"type": "Feature", "geometry": {"type": "Point", "coordinates": [2.2983615, 50.7227037]}, "properties": {"osm_id": "2502010269", "ref": "63", "railway_position": "67.655", "railway_ref": "310000"}}, {"type": "Feature", "geometry": {"type": "Point", "coordinates": [2.2119016, 50.7037813]}, "properties": {"osm_id": "2504647109", "ref": "72", "railway_position": "74.286", "railway_ref": "310000"}}, {"type": "Feature", "geometry": {"type": "Point", "coordinates": [1.6520008, 50.4014513]}, "properties": {"osm_id": "2509051603", "ref": "120", "railway_position": "213.446", "railway_ref": "311000"}}, {"type": "Feature", "geometry": {"type": "Point", "coordinates": [1.8765549, 50.4296363]}, "properties": {"osm_id": "2510796152", "ref": "117", "railway_position": "114.330", "railway_ref": "308000"}}, {"type": "Feature", "geometry": {"type": "Point", "coordinates": [1.7027634, 50.6495591]}, "properties": {"osm_id": "2511509897", "ref": "118", "railway_position": "114.516", "railway_ref": "310000"}}, {"type": "Feature", "geometry": {"type": "Point", "coordinates": [1.7556163, 50.6397882]}, "properties": {"osm_id": "2513860553", "ref": "111", "railway_position": "109.950", "railway_ref": "310000"}}, {"type": "Feature", "geometry": {"type": "Point", "coordinates": [2.0771386, 50.3880107]}, "properties": {"osm_id": "2514437951", "ref": "99", "railway_position": "97.750", "railway_ref": "308000"}}, {"type": "Feature", "geometry": {"type": "Point", "coordinates": [1.7311131, 50.4911099]}, "properties": {"osm_id": "2517065553", "ref": "132", "railway_position": "127.140", "railway_ref": "308000"}}, {"type": "Feature", "geometry": {"type": "Point", "coordinates": [1.8380691, 50.6571725]}, "properties": {"osm_id": "2519546985", "ref": "104", "railway_position": "103.510", "railway_ref": "310000"}}, {"type": "Feature", "geometry": {"type": "Point", "coordinates": [2.8000598, 49.4202507]}, "properties": {"osm_id": "2521155917", "ref": "90", "railway_position": "61.007", "railway_ref": "317000"}}, {"type": "Feature", "geometry": {"type": "Point", "coordinates": [2.0965726, 50.3947005]}, "properties": {"osm_id": "2525365929", "ref": "98", "railway_position": "96.179", "railway_ref": "308000"}}, {"type": "Feature", "geometry": {"type": "Point", "coordinates": [2.10366, 50.3967855]}, "properties": {"osm_id": "2525365932", "ref": "97", "railway_position": "95.626", "railway_ref": "308000"}}, {"type": "Feature", "geometry": {"type": "Point", "coordinates": [2.4066982, 51.0350637]}, "properties": {"osm_id": "2532800723", "ref": "179", "railway_position": "307.602", "railway_ref": "300000"}}, {"type": "Feature", "geometry": {"type": "Point", "coordinates": [2.4066312, 51.0354205]}, "properties": {"osm_id": "2532800727", "ref": "180", "railway_position": "307.645", "railway_ref": "300000"}}, {"type": "Feature", "geometry": {"type": "Point", "coordinates": [2.4063992, 51.0308817]}, "properties": {"osm_id": "2532803754", "ref": "177", "railway_position": "307.140", "railway_ref": "300000"}}, {"type": "Feature", "geometry": {"type": "Point", "coordinates": [2.8571607, 50.545843]}, "properties": {"osm_id": "2550940505", "ref": "30", "railway_position": "23.240", "railway_ref": "289000"}}, {"type": "Feature", "geometry": {"type": "Point", "coordinates": [2.8681294, 50.5481156]}, "properties": {"osm_id": "2550940566", "ref": "29", "railway_position": "22.418", "railway_ref": "289000"}}, {"type": "Feature", "geometry": {"type": "Point", "coordinates": [2.3007476, 50.4138039]}, "properties": {"osm_id": "2552723960", "ref": "76", "railway_position": "77.834", "railway_ref": "308000"}}, {"type": "Feature", "geometry": {"type": "Point", "coordinates": [2.9257433, 50.4152607]}, "properties": {"osm_id": "2568893595", "ref": "95", "railway_position": "215.970", "railway_ref": "284000"}}, {"type": "Feature", "geometry": {"type": "Point", "coordinates": [1.8060612, 50.123491]}, "properties": {"osm_id": "2573350901", "ref": "93", "railway_position": "178.203", "railway_ref": "311000"}}, {"type": "Feature", "geometry": {"type": "Point", "coordinates": [2.4017298, 51.025822]}, "properties": {"osm_id": "2575987069", "ref": "176bis", "railway_position": "306.458", "railway_ref": "300000"}}, {"type": "Feature", "geometry": {"type": "Point", "coordinates": [3.6405546, 50.4004109]}, "properties": {"osm_id": "2595545867", "ref": "172 bis", "railway_position": "258.440", "railway_ref": "262000"}}, {"type": "Feature", "geometry": {"type": "Point", "coordinates": [3.1953265, 50.6202831]}, "properties": {"osm_id": "2606293152", "ref": "10", "railway_position": "9.770", "railway_ref": "269000"}}, {"type": "Feature", "geometry": {"type": "Point", "coordinates": [3.1230692, 50.5850821]}, "properties": {"osm_id": "2609923327", "ref": "7", "railway_position": "6.986", "railway_ref": "267000"}}, {"type": "Feature", "geometry": {"type": "Point", "coordinates": [3.1618802, 50.5449658]}, "properties": {"osm_id": "2619054515", "ref": "13", "railway_position": "12.237", "railway_ref": "267000"}}, {"type": "Feature", "geometry": {"type": "Point", "coordinates": [3.113987, 50.5959116]}, "properties": {"osm_id": "2619054526", "ref": "5", "railway_position": "5.616", "railway_ref": "273300"}}, {"type": "Feature", "geometry": {"type": "Point", "coordinates": [2.7849372, 50.6494804]}, "properties": {"osm_id": "2631400392", "ref": "34", "railway_position": "27.858", "railway_ref": "294000"}}, {"type": "Feature", "geometry": {"type": "Point", "coordinates": [2.1543377, 50.9674842]}, "properties": {"osm_id": "2642143359", "ref": "30", "railway_position": "21.112", "railway_ref": "304000"}}, {"type": "Feature", "geometry": {"type": "Point", "coordinates": [2.7852618, 49.8006413]}, "properties": {"osm_id": "2670301633", "ref": "87", "railway_position": "130.014", "railway_ref": "259000"}}, {"type": "Feature", "geometry": {"type": "Point", "coordinates": [2.677086, 50.0745715]}, "properties": {"osm_id": "2675645391", "ref": "62", "railway_position": "163.407", "railway_ref": "272000"}}, {"type": "Feature", "geometry": {"type": "Point", "coordinates": [2.7584165, 50.1147278]}, "properties": {"osm_id": "2709614294", "ref": "65", "railway_position": "171.253", "railway_ref": "272000"}}, {"type": "Feature", "geometry": {"type": "Point", "coordinates": [3.0969519, 50.6086365]}, "properties": {"osm_id": "2712106102", "ref": "1", "railway_position": "1.233", "railway_ref": "273300"}}, {"type": "Feature", "geometry": {"type": "Point", "coordinates": [3.0316668, 50.4455239]}, "properties": {"osm_id": "2729286330", "ref": "123", "railway_position": "227.014", "railway_ref": "272000"}}, {"type": "Feature", "geometry": {"type": "Point", "coordinates": [1.6665481, 50.2889746]}, "properties": {"osm_id": "2747946312", "ref": "109", "railway_position": "200.797", "railway_ref": "311000"}}, {"type": "Feature", "geometry": {"type": "Point", "coordinates": [2.4494574, 50.4790136]}, "properties": {"osm_id": "2838265748", "ref": "59", "railway_position": "56.852", "railway_ref": "289000"}}, {"type": "Feature", "geometry": {"type": "Point", "coordinates": [2.2939624, 49.9487054]}, "properties": {"osm_id": "2914763459", "ref": "8", "railway_position": "9.642", "railway_ref": "305000"}}, {"type": "Feature", "geometry": {"type": "Point", "coordinates": [2.2554819, 51.0007199]}, "properties": {"osm_id": "2920629164", "ref": "20", "railway_position": "", "railway_ref": "302511"}}, {"type": "Feature", "geometry": {"type": "Point", "coordinates": [2.2458015, 50.9916389]}, "properties": {"osm_id": "2920662106", "ref": "13", "railway_position": "11.574", "railway_ref": "304000"}}, {"type": "Feature", "geometry": {"type": "Point", "coordinates": [2.2366515, 50.9896265]}, "properties": {"osm_id": "2925778598", "ref": "15", "railway_position": "12.273", "railway_ref": "304000"}}, {"type": "Feature", "geometry": {"type": "Point", "coordinates": [2.9671387, 50.5939208]}, "properties": {"osm_id": "2941465922", "ref": "17", "railway_position": "12.802", "railway_ref": "289000"}}, {"type": "Feature", "geometry": {"type": "Point", "coordinates": [2.8764905, 50.5479512]}, "properties": {"osm_id": "2951128987", "ref": "28", "railway_position": "21.823", "railway_ref": "289000"}}, {"type": "Feature", "geometry": {"type": "Point", "coordinates": [2.5502621, 50.5402647]}, "properties": {"osm_id": "2951365294", "ref": "107", "railway_position": "236.860", "railway_ref": "301000"}}, {"type": "Feature", "geometry": {"type": "Point", "coordinates": [2.4649581, 50.5956365]}, "properties": {"osm_id": "2951365331", "ref": "115", "railway_position": "246.671", "railway_ref": "301000"}}, {"type": "Feature", "geometry": {"type": "Point", "coordinates": [2.2606103, 50.7564594]}, "properties": {"osm_id": "2951570439", "ref": "59", "railway_position": "66.943", "railway_ref": "295000"}}, {"type": "Feature", "geometry": {"type": "Point", "coordinates": [2.0704856, 50.8763401]}, "properties": {"osm_id": "2951570567", "ref": "72", "railway_position": "87.315", "railway_ref": "295000"}}, {"type": "Feature", "geometry": {"type": "Point", "coordinates": [2.4608066, 50.7873369]}, "properties": {"osm_id": "2953193858", "ref": "145", "railway_position": "273.762", "railway_ref": "301000"}}, {"type": "Feature", "geometry": {"type": "Point", "coordinates": [2.4036525, 50.9852923]}, "properties": {"osm_id": "2953194045", "ref": "164", "railway_position": "299.100", "railway_ref": "301000"}}, {"type": "Feature", "geometry": {"type": "Point", "coordinates": [1.8879833, 50.943723]}, "properties": {"osm_id": "2954369856", "ref": "65", "railway_position": "41.043", "railway_ref": "304000"}}, {"type": "Feature", "geometry": {"type": "Point", "coordinates": [3.166199, 50.5390675]}, "properties": {"osm_id": "2956312980", "ref": "15", "railway_position": "12.959", "railway_ref": "267000"}}, {"type": "Feature", "geometry": {"type": "Point", "coordinates": [2.1769706, 50.9564722]}, "properties": {"osm_id": "2958140255", "ref": "27", "railway_position": "19.113", "railway_ref": "304000"}}, {"type": "Feature", "geometry": {"type": "Point", "coordinates": [2.2092465, 50.9564599]}, "properties": {"osm_id": "2961631792", "ref": "23", "railway_position": "16.555", "railway_ref": "304000"}}, {"type": "Feature", "geometry": {"type": "Point", "coordinates": [2.2002934, 50.9537919]}, "properties": {"osm_id": "2961697425", "ref": "24", "railway_position": "17.255", "railway_ref": "304000"}}, {"type": "Feature", "geometry": {"type": "Point", "coordinates": [2.0016085, 50.8858658]}, "properties": {"osm_id": "2973660315", "ref": "75", "railway_position": "92.274", "railway_ref": "295000"}}, {"type": "Feature", "geometry": {"type": "Point", "coordinates": [1.7339324, 50.1295647]}, "properties": {"osm_id": "2982254028", "ref": "95", "railway_position": "183.320", "railway_ref": "323000"}}, {"type": "Feature", "geometry": {"type": "Point", "coordinates": [2.2283553, 50.7051768]}, "properties": {"osm_id": "3079757278", "ref": "70", "railway_position": "73.115", "railway_ref": "310000"}}, {"type": "Feature", "geometry": {"type": "Point", "coordinates": [2.2228648, 50.7045568]}, "properties": {"osm_id": "3079757290", "ref": "71", "railway_position": "73.513", "railway_ref": "310000"}}, {"type": "Feature", "geometry": {"type": "Point", "coordinates": [2.1560211, 50.7080545]}, "properties": {"osm_id": "3079916478", "ref": "77", "railway_position": "78.387", "railway_ref": "310000"}}, {"type": "Feature", "geometry": {"type": "Point", "coordinates": [2.2465623, 50.7069048]}, "properties": {"osm_id": "3079916961", "ref": "69", "railway_position": "71.810", "railway_ref": "310000"}}, {"type": "Feature", "geometry": {"type": "Point", "coordinates": [2.1254621, 50.7026423]}, "properties": {"osm_id": "3079916985", "ref": "81", "railway_position": "80.819", "railway_ref": "310000"}}, {"type": "Feature", "geometry": {"type": "Point", "coordinates": [3.0074947, 50.6118093]}, "properties": {"osm_id": "3098942546", "ref": "12", "railway_position": "9.214", "railway_ref": "289000"}}, {"type": "Feature", "geometry": {"type": "Point", "coordinates": [2.2656181, 51.0015169]}, "properties": {"osm_id": "3110563792", "ref": "10", "railway_position": "", "railway_ref": "302506"}}, {"type": "Feature", "geometry": {"type": "Point", "coordinates": [3.2070483, 50.2236905]}, "properties": {"osm_id": "3111505931", "ref": "164", "railway_position": "201.092", "railway_ref": "259000"}}, {"type": "Feature", "geometry": {"type": "Point", "coordinates": [3.0160679, 50.6212018]}, "properties": {"osm_id": "3123764406", "ref": "", "railway_position": "", "railway_ref": "292311"}}, {"type": "Feature", "geometry": {"type": "Point", "coordinates": [2.4532064, 49.8071276]}, "properties": {"osm_id": "3124820180", "ref": "105", "railway_position": "136.782", "railway_ref": "232000"}}, {"type": "Feature", "geometry": {"type": "Point", "coordinates": [3.0182868, 50.6129088]}, "properties": {"osm_id": "3129893084", "ref": "10", "railway_position": "8.436", "railway_ref": "289000"}}, {"type": "Feature", "geometry": {"type": "Point", "coordinates": [3.0246959, 50.6135647]}, "properties": {"osm_id": "3129909428", "ref": "9", "railway_position": "", "railway_ref": "289000"}}, {"type": "Feature", "geometry": {"type": "Point", "coordinates": [3.0115263, 50.6122194]}, "properties": {"osm_id": "3129941848", "ref": "11", "railway_position": "8.921", "railway_ref": "289000"}}, {"type": "Feature", "geometry": {"type": "Point", "coordinates": [2.3930919, 51.0224542]}, "properties": {"osm_id": "3160930348", "ref": "175", "railway_position": "305.751", "railway_ref": "300000"}}, {"type": "Feature", "geometry": {"type": "Point", "coordinates": [1.7046624, 50.1803207]}, "properties": {"osm_id": "3204390662", "ref": "97", "railway_position": "188.237", "railway_ref": "311000"}}, {"type": "Feature", "geometry": {"type": "Point", "coordinates": [3.393598, 49.776932]}, "properties": {"osm_id": "3226901480", "ref": "16", "railway_position": "11.324", "railway_ref": "242626"}}, {"type": "Feature", "geometry": {"type": "Point", "coordinates": [2.4229989, 50.9715468]}, "properties": {"osm_id": "3256355283", "ref": "163", "railway_position": "297.114", "railway_ref": "301000"}}, {"type": "Feature", "geometry": {"type": "Point", "coordinates": [3.178195, 50.2529328]}, "properties": {"osm_id": "3274859184", "ref": "170", "railway_position": "205.565", "railway_ref": "259000"}}, {"type": "Feature", "geometry": {"type": "Point", "coordinates": [2.7882052, 50.6509435]}, "properties": {"osm_id": "3307193011", "ref": "33", "railway_position": "27.575", "railway_ref": "294000"}}, {"type": "Feature", "geometry": {"type": "Point", "coordinates": [2.3120031, 50.3970985]}, "properties": {"osm_id": "3346108819", "ref": "73", "railway_position": "75.776", "railway_ref": "308000"}}, {"type": "Feature", "geometry": {"type": "Point", "coordinates": [2.7547768, 50.6311228]}, "properties": {"osm_id": "3354510948", "ref": "39", "railway_position": "31.094", "railway_ref": "294000"}}, {"type": "Feature", "geometry": {"type": "Point", "coordinates": [2.2895282, 50.4236262]}, "properties": {"osm_id": "3371302948", "ref": "79", "railway_position": "79.200", "railway_ref": "308000"}}, {"type": "Feature", "geometry": {"type": "Point", "coordinates": [2.4127159, 50.8780414]}, "properties": {"osm_id": "3393435528", "ref": "155", "railway_position": "286.135", "railway_ref": "301000"}}, {"type": "Feature", "geometry": {"type": "Point", "coordinates": [2.0367043, 50.3784991]}, "properties": {"osm_id": "3463664617", "ref": "101", "railway_position": "101.053", "railway_ref": "308000"}}, {"type": "Feature", "geometry": {"type": "Point", "coordinates": [3.8410352, 49.636983]}, "properties": {"osm_id": "3476747574", "ref": "95", "railway_position": "157.714", "railway_ref": "228000"}}, {"type": "Feature", "geometry": {"type": "Point", "coordinates": [3.8269491, 49.6270422]}, "properties": {"osm_id": "3686836658", "ref": "92", "railway_position": "156.210", "railway_ref": "228000"}}, {"type": "Feature", "geometry": {"type": "Point", "coordinates": [1.7864744, 50.639267]}, "properties": {"osm_id": "3708442641", "ref": "108", "railway_position": "107.692", "railway_ref": "310000"}}, {"type": "Feature", "geometry": {"type": "Point", "coordinates": [1.7284892, 50.1231724]}, "properties": {"osm_id": "3871178779", "ref": "96", "railway_position": "", "railway_ref": "323000"}}, {"type": "Feature", "geometry": {"type": "Point", "coordinates": [4.2928466, 49.7998162]}, "properties": {"osm_id": "3873243286", "ref": "19", "railway_position": "22.499", "railway_ref": "212000"}}, {"type": "Feature", "geometry": {"type": "Point", "coordinates": [4.2726734, 49.8054022]}, "properties": {"osm_id": "3873243459", "ref": "17", "railway_position": "20.864", "railway_ref": "212000"}}, {"type": "Feature", "geometry": {"type": "Point", "coordinates": [4.2378558, 49.8141861]}, "properties": {"osm_id": "3873243555", "ref": "14", "railway_position": "18.109", "railway_ref": "212000"}}, {"type": "Feature", "geometry": {"type": "Point", "coordinates": [4.1754137, 49.8406065]}, "properties": {"osm_id": "3873243834", "ref": "10", "railway_position": "12.427", "railway_ref": "212000"}}, {"type": "Feature", "geometry": {"type": "Point", "coordinates": [4.1225653, 49.8782759]}, "properties": {"osm_id": "3873244125", "ref": "3", "railway_position": "6.027", "railway_ref": "212000"}}, {"type": "Feature", "geometry": {"type": "Point", "coordinates": [3.9401056, 49.8388497]}, "properties": {"osm_id": "3881917467", "ref": "103", "railway_position": "182.562", "railway_ref": "229000"}}, {"type": "Feature", "geometry": {"type": "Point", "coordinates": [1.7691807, 50.6413853]}, "properties": {"osm_id": "3975403355", "ref": "109", "railway_position": "108.952", "railway_ref": "310000"}}, {"type": "Feature", "geometry": {"type": "Point", "coordinates": [2.2936573, 50.997432]}, "properties": {"osm_id": "4117851477", "ref": "", "railway_position": "", "railway_ref": "304000"}}, {"type": "Feature", "geometry": {"type": "Point", "coordinates": [3.4513297, 49.7936257]}, "properties": {"osm_id": "4216053738", "ref": "24", "railway_position": "16.197", "railway_ref": "242626"}}, {"type": "Feature", "geometry": {"type": "Point", "coordinates": [1.656785, 49.6409084]}, "properties": {"osm_id": "4405982906", "ref": "22", "railway_position": "61.091", "railway_ref": "321000"}}, {"type": "Feature", "geometry": {"type": "Point", "coordinates": [1.7657809, 50.4694979]}, "properties": {"osm_id": "4440926378", "ref": "128", "railway_position": "123.572", "railway_ref": "308000"}}, {"type": "Feature", "geometry": {"type": "Point", "coordinates": [1.86103, 50.4351915]}, "properties": {"osm_id": "4472464049", "ref": "119", "railway_position": "115.592", "railway_ref": "308000"}}, {"type": "Feature", "geometry": {"type": "Point", "coordinates": [1.6819713, 50.5032246]}, "properties": {"osm_id": "4689548998", "ref": "137", "railway_position": "131.006", "railway_ref": "308000"}}, {"type": "Feature", "geometry": {"type": "Point", "coordinates": [1.6918893, 50.5019277]}, "properties": {"osm_id": "4689549014", "ref": "136", "railway_position": "130.273", "railway_ref": "308000"}}, {"type": "Feature", "geometry": {"type": "Point", "coordinates": [2.7895423, 49.7525832]}, "properties": {"osm_id": "4850470147", "ref": "", "railway_position": "", "railway_ref": "226305"}}, {"type": "Feature", "geometry": {"type": "Point", "coordinates": [3.9722575, 50.1054625]}, "properties": {"osm_id": "4867005015", "ref": "96", "railway_position": "97.340", "railway_ref": "267000"}}, {"type": "Feature", "geometry": {"type": "Point", "coordinates": [2.0352087, 50.9574478]}, "properties": {"osm_id": "4902801993", "ref": "45", "railway_position": "30.357", "railway_ref": "304000"}}, {"type": "Feature", "geometry": {"type": "Point", "coordinates": [2.085529, 50.9716108]}, "properties": {"osm_id": "4902802086", "ref": "38", "railway_position": "26.503", "railway_ref": "304000"}}, {"type": "Feature", "geometry": {"type": "Point", "coordinates": [2.4105841, 51.0417495]}, "properties": {"osm_id": "4907850802", "ref": "186", "railway_position": "308.416", "railway_ref": "300000"}}, {"type": "Feature", "geometry": {"type": "Point", "coordinates": [2.999129, 50.4454566]}, "properties": {"osm_id": "5075413103", "ref": "", "railway_position": "", "railway_ref": "284620"}}, {"type": "Feature", "geometry": {"type": "Point", "coordinates": [1.668339, 49.9180877]}, "properties": {"osm_id": "5107683249", "ref": "154", "railway_position": "154.991", "railway_ref": "325000"}}, {"type": "Feature", "geometry": {"type": "Point", "coordinates": [1.6558527, 49.9208324]}, "properties": {"osm_id": "5107683254", "ref": "156", "railway_position": "155.952", "railway_ref": "325000"}}, {"type": "Feature", "geometry": {"type": "Point", "coordinates": [1.6313781, 49.9300417]}, "properties": {"osm_id": "5107683721", "ref": "160", "railway_position": "157.993", "railway_ref": "325000"}}, {"type": "Feature", "geometry": {"type": "Point", "coordinates": [1.6342881, 49.928695]}, "properties": {"osm_id": "5107683740", "ref": "159", "railway_position": "157.737", "railway_ref": "325000"}}, {"type": "Feature", "geometry": {"type": "Point", "coordinates": [1.6899196, 49.8974891]}, "properties": {"osm_id": "5109693280", "ref": "149", "railway_position": "152.118", "railway_ref": "325000"}}, {"type": "Feature", "geometry": {"type": "Point", "coordinates": [1.717032, 49.8541838]}, "properties": {"osm_id": "5109955835", "ref": "140", "railway_position": "146.619", "railway_ref": "325000"}}, {"type": "Feature", "geometry": {"type": "Point", "coordinates": [1.712038, 49.870851]}, "properties": {"osm_id": "5109955941", "ref": "144", "railway_position": "148.517", "railway_ref": "325000"}}, {"type": "Feature", "geometry": {"type": "Point", "coordinates": [1.7110577, 49.8758305]}, "properties": {"osm_id": "5109955979", "ref": "145", "railway_position": "149.082", "railway_ref": "325000"}}, {"type": "Feature", "geometry": {"type": "Point", "coordinates": [1.7550743, 49.780744]}, "properties": {"osm_id": "5110070616", "ref": "124", "railway_position": "137.955", "railway_ref": "325000"}}, {"type": "Feature", "geometry": {"type": "Point", "coordinates": [1.7445332, 49.7985781]}, "properties": {"osm_id": "5110070814", "ref": "128", "railway_position": "140.085", "railway_ref": "325000"}}, {"type": "Feature", "geometry": {"type": "Point", "coordinates": [1.7400005, 49.8043346]}, "properties": {"osm_id": "5110070935", "ref": "130", "railway_position": "140.804", "railway_ref": "325000"}}, {"type": "Feature", "geometry": {"type": "Point", "coordinates": [1.7327633, 49.8147254]}, "properties": {"osm_id": "5110070989", "ref": "133", "railway_position": "142.073", "railway_ref": "325000"}}, {"type": "Feature", "geometry": {"type": "Point", "coordinates": [1.7306376, 49.8192254]}, "properties": {"osm_id": "5110070993", "ref": "134", "railway_position": "142.597", "railway_ref": "325000"}}, {"type": "Feature", "geometry": {"type": "Point", "coordinates": [1.7285174, 49.8237153]}, "properties": {"osm_id": "5110070997", "ref": "135", "railway_position": "143.119", "railway_ref": "325000"}}, {"type": "Feature", "geometry": {"type": "Point", "coordinates": [1.9733126, 49.5590169]}, "properties": {"osm_id": "5113349481", "ref": "78", "railway_position": "98.131", "railway_ref": "325000"}}, {"type": "Feature", "geometry": {"type": "Point", "coordinates": [2.0602803, 49.4337387]}, "properties": {"osm_id": "5117694615", "ref": "59", "railway_position": "80.961", "railway_ref": "325000"}}, {"type": "Feature", "geometry": {"type": "Point", "coordinates": [3.1573963, 50.2566204]}, "properties": {"osm_id": "5200708436", "ref": "171", "railway_position": "207.471", "railway_ref": "259000"}}, {"type": "Feature", "geometry": {"type": "Point", "coordinates": [1.7621175, 50.4733878]}, "properties": {"osm_id": "5237105806", "ref": "129", "railway_position": "124.083", "railway_ref": "308000"}}, {"type": "Feature", "geometry": {"type": "Point", "coordinates": [1.7766397, 50.4629766]}, "properties": {"osm_id": "5238501846", "ref": "126", "railway_position": "122.475", "railway_ref": "308000"}}, {"type": "Feature", "geometry": {"type": "Point", "coordinates": [2.1515896, 50.7061132]}, "properties": {"osm_id": "5243345361", "ref": "78", "railway_position": "78.768", "railway_ref": "310000"}}, {"type": "Feature", "geometry": {"type": "Point", "coordinates": [1.6856552, 50.6546726]}, "properties": {"osm_id": "5246813042", "ref": "121", "railway_position": "115.900", "railway_ref": "310000"}}, {"type": "Feature", "geometry": {"type": "Point", "coordinates": [1.6479426, 50.4273859]}, "properties": {"osm_id": "5275749999", "ref": "123", "railway_position": "216.334", "railway_ref": "311000"}}, {"type": "Feature", "geometry": {"type": "Point", "coordinates": [2.4449377, 51.0543979]}, "properties": {"osm_id": "5497419034", "ref": "191", "railway_position": "311.264", "railway_ref": "300000"}}, {"type": "Feature", "geometry": {"type": "Point", "coordinates": [1.8806764, 50.9388586]}, "properties": {"osm_id": "5589250288", "ref": "67", "railway_position": "41.812", "railway_ref": "304000"}}, {"type": "Feature", "geometry": {"type": "Point", "coordinates": [2.269843, 49.9008679]}, "properties": {"osm_id": "5851008216", "ref": "47", "railway_position": "133.985", "railway_ref": "311000"}}, {"type": "Feature", "geometry": {"type": "Point", "coordinates": [2.2523666, 51.00792]}, "properties": {"osm_id": "6024806287", "ref": "30", "railway_position": "", "railway_ref": "302511"}}, {"type": "Feature", "geometry": {"type": "Point", "coordinates": [2.2531682, 51.0084231]}, "properties": {"osm_id": "6024806299", "ref": "22", "railway_position": "", "railway_ref": "302516"}}, {"type": "Feature", "geometry": {"type": "Point", "coordinates": [2.128526, 50.7050333]}, "properties": {"osm_id": "6240170464", "ref": "80", "railway_position": "80.404", "railway_ref": "310000"}}, {"type": "Feature", "geometry": {"type": "Point", "coordinates": [1.704722, 50.1867889]}, "properties": {"osm_id": "6292100547", "ref": "98", "railway_position": "188.941", "railway_ref": "311000"}}, {"type": "Feature", "geometry": {"type": "Point", "coordinates": [2.9798388, 50.6200592]}, "properties": {"osm_id": "6518163055", "ref": "", "railway_position": "", "railway_ref": "292311"}}, {"type": "Feature", "geometry": {"type": "Point", "coordinates": [2.4849302, 49.7632326]}, "properties": {"osm_id": "6683972484", "ref": "99", "railway_position": "131.340", "railway_ref": "232000"}}, {"type": "Feature", "geometry": {"type": "Point", "coordinates": [1.7515814, 50.6363485]}, "properties": {"osm_id": "6688277669", "ref": "112", "railway_position": "110.433", "railway_ref": "310000"}}, {"type": "Feature", "geometry": {"type": "Point", "coordinates": [2.287687, 50.9950409]}, "properties": {"osm_id": "6900074525", "ref": "", "railway_position": "", "railway_ref": "304000"}}, {"type": "Feature", "geometry": {"type": "Point", "coordinates": [3.1808669, 50.620941]}, "properties": {"osm_id": "7006674119", "ref": "9", "railway_position": "8.743", "railway_ref": "269000"}}, {"type": "Feature", "geometry": {"type": "Point", "coordinates": [2.867442, 49.4216243]}, "properties": {"osm_id": "7258223522", "ref": "", "railway_position": "", "railway_ref": "317000"}}, {"type": "Feature", "geometry": {"type": "Point", "coordinates": [1.6409256, 50.6753816]}, "properties": {"osm_id": "7559504301", "ref": "138", "railway_position": "247.049", "railway_ref": "311000"}}, {"type": "Feature", "geometry": {"type": "Point", "coordinates": [3.023851, 50.6544954]}, "properties": {"osm_id": "7968617315", "ref": "22", "railway_position": "18.737", "railway_ref": "292000"}}, {"type": "Feature", "geometry": {"type": "Point", "coordinates": [3.0236337, 50.6546471]}, "properties": {"osm_id": "7968617344", "ref": "21bis", "railway_position": "18.739", "railway_ref": "292306"}}, {"type": "Feature", "geometry": {"type": "Point", "coordinates": [1.7243261, 50.6442313]}, "properties": {"osm_id": "8246087849", "ref": "114", "railway_position": "112.893", "railway_ref": "310000"}}, {"type": "Feature", "geometry": {"type": "Point", "coordinates": [1.7164381, 50.6463228]}, "properties": {"osm_id": "8246087851", "ref": "115", "railway_position": "113.484", "railway_ref": "310000"}}, {"type": "Feature", "geometry": {"type": "Point", "coordinates": [1.6995795, 50.6511787]}, "properties": {"osm_id": "8246087878", "ref": "119", "railway_position": "114.806", "railway_ref": "310000"}}, {"type": "Feature", "geometry": {"type": "Point", "coordinates": [1.6905591, 50.6526667]}, "properties": {"osm_id": "8246087919", "ref": "120", "railway_position": "115.467", "railway_ref": "310000"}}, {"type": "Feature", "geometry": {"type": "Point", "coordinates": [1.7131103, 50.6470954]}, "properties": {"osm_id": "8510395549", "ref": "116", "railway_position": "113.733", "railway_ref": "310000"}}, {"type": "Feature", "geometry": {"type": "Point", "coordinates": [1.6986135, 50.2345219]}, "properties": {"osm_id": "8510441376", "ref": "102", "railway_position": "194.331", "railway_ref": "311000"}}, {"type": "Feature", "geometry": {"type": "Point", "coordinates": [3.4893538, 50.3958481]}, "properties": {"osm_id": "8510592786", "ref": "56", "railway_position": "42.214", "railway_ref": "267000"}}, {"type": "Feature", "geometry": {"type": "Point", "coordinates": [3.3339185, 50.3285075]}, "properties": {"osm_id": "8510622325", "ref": "83", "railway_position": "225.686", "railway_ref": "250000"}}, {"type": "Feature", "geometry": {"type": "Point", "coordinates": [2.2691754, 49.9223051]}, "properties": {"osm_id": "8519920122", "ref": "3", "railway_position": "5.963", "railway_ref": "305000"}}, {"type": "Feature", "geometry": {"type": "Point", "coordinates": [3.1237694, 50.328876]}, "properties": {"osm_id": "8520481862", "ref": "183", "railway_position": "217.566", "railway_ref": "259000"}}, {"type": "Feature", "geometry": {"type": "Point", "coordinates": [3.1900645, 50.5161249]}, "properties": {"osm_id": "8520485442", "ref": "20", "railway_position": "16.025", "railway_ref": "267000"}}, {"type": "Feature", "geometry": {"type": "Point", "coordinates": [2.9759291, 50.6028774]}, "properties": {"osm_id": "8521008150", "ref": "16 bis", "railway_position": "0.396", "railway_ref": "289306"}}, {"type": "Feature", "geometry": {"type": "Point", "coordinates": [2.547495, 49.6575258]}, "properties": {"osm_id": "8524685117", "ref": "87", "railway_position": "117.545", "railway_ref": "232000"}}, {"type": "Feature", "geometry": {"type": "Point", "coordinates": [3.1343665, 50.280611]}, "properties": {"osm_id": "8527965146", "ref": "177", "railway_position": "211.350", "railway_ref": "259000"}}, {"type": "Feature", "geometry": {"type": "Point", "coordinates": [3.2552954, 50.1676261]}, "properties": {"osm_id": "8527975088", "ref": "2", "railway_position": "204.992", "railway_ref": "250306"}}, {"type": "Feature", "geometry": {"type": "Point", "coordinates": [4.0617379, 50.0319425]}, "properties": {"osm_id": "8528028141", "ref": "154", "railway_position": "123.083", "railway_ref": "240000"}}, {"type": "Feature", "geometry": {"type": "Point", "coordinates": [4.0587018, 50.029518]}, "properties": {"osm_id": "8528033693", "ref": "155", "railway_position": "123.433", "railway_ref": "240000"}}, {"type": "Feature", "geometry": {"type": "Point", "coordinates": [3.4859875, 49.8338116]}, "properties": {"osm_id": "8528229367", "ref": "42", "railway_position": "21.607", "railway_ref": "242626"}}, {"type": "Feature", "geometry": {"type": "Point", "coordinates": [3.4673087, 49.8044422]}, "properties": {"osm_id": "8528252237", "ref": "32", "railway_position": "17.891", "railway_ref": "242626"}}, {"type": "Feature", "geometry": {"type": "Point", "coordinates": [3.4383182, 49.7840634]}, "properties": {"osm_id": "8528253674", "ref": "22", "railway_position": "14.754", "railway_ref": "242626"}}, {"type": "Feature", "geometry": {"type": "Point", "coordinates": [3.4001492, 49.7757978]}, "properties": {"osm_id": "8528312678", "ref": "17", "railway_position": "11.804", "railway_ref": "242626"}}, {"type": "Feature", "geometry": {"type": "Point", "coordinates": [3.4258611, 49.7793356]}, "properties": {"osm_id": "8528321524", "ref": "20", "railway_position": "13.702", "railway_ref": "242626"}}, {"type": "Feature", "geometry": {"type": "Point", "coordinates": [3.3243988, 49.8199072]}, "properties": {"osm_id": "8863709993", "ref": "6", "railway_position": "3.684", "railway_ref": "242626"}}, {"type": "Feature", "geometry": {"type": "Point", "coordinates": [2.7158742, 49.4321551]}, "properties": {"osm_id": "10253473053", "ref": "85", "railway_position": "54.544", "railway_ref": "317000"}}, {"type": "Feature", "geometry": {"type": "Point", "coordinates": [2.7030384, 49.4334022]}, "properties": {"osm_id": "10253473067", "ref": "84", "railway_position": "53.606", "railway_ref": "317000"}}, {"type": "Feature", "geometry": {"type": "Point", "coordinates": [3.4782068, 49.8179833]}, "properties": {"osm_id": "10282697837", "ref": "39", "railway_position": "19.660", "railway_ref": "242626"}}, {"type": "Feature", "geometry": {"type": "Point", "coordinates": [3.4651597, 49.803464]}, "properties": {"osm_id": "10282697904", "ref": "31", "railway_position": "17.701", "railway_ref": "242626"}}, {"type": "Feature", "geometry": {"type": "Point", "coordinates": [3.4735981, 49.8091218]}, "properties": {"osm_id": "10282697910", "ref": "35", "railway_position": "18.597", "railway_ref": "242626"}}, {"type": "Feature", "geometry": {"type": "Point", "coordinates": [3.4601237, 49.8011825]}, "properties": {"osm_id": "10282697926", "ref": "30", "railway_position": "17.260", "railway_ref": "242626"}}, {"type": "Feature", "geometry": {"type": "Point", "coordinates": [3.4188571, 49.7783433]}, "properties": {"osm_id": "10282698055", "ref": "19", "railway_position": "13.193", "railway_ref": "242626"}}, {"type": "Feature", "geometry": {"type": "Point", "coordinates": [2.8082333, 50.6633543]}, "properties": {"osm_id": "10834286884", "ref": "29", "railway_position": "25.612", "railway_ref": "294000"}}, {"type": "Feature", "geometry": {"type": "Point", "coordinates": [2.4108668, 51.0421041]}, "properties": {"osm_id": "10873074406", "ref": "187", "railway_position": "308.459", "railway_ref": "300000"}}, {"type": "Feature", "geometry": {"type": "Point", "coordinates": [2.8603109, 49.4214813]}, "properties": {"osm_id": "12857899649", "ref": "", "railway_position": "", "railway_ref": "317000"}}, {"type": "Feature", "geometry": {"type": "Point", "coordinates": [1.8261795, 50.9229384]}, "properties": {"osm_id": "13084876859", "ref": "", "railway_position": "", "railway_ref": "314000"}}, {"type": "Feature", "geometry": {"type": "Point", "coordinates": [1.8884713, 50.971319]}, "properties": {"osm_id": "13120917714", "ref": "", "railway_position": "", "railway_ref": "314611"}}]}